YMD_ID,HH_ID,GETON_CNT
20201219,0,15
20201219,5,34
20201219,6,106
20201219,7,199
20201219,8,239
20201219,9,256
20201219,10,275
20201219,11,248
20201219,12,259
20201219,13,301
20201219,14,313
20201219,15,325
20201219,16,328
20201219,17,343
20201219,18,276
20201219,19,206
20201219,20,223
20201219,21,247
20201219,22,175
20201219,23,67
20211010,0,40
20211010,5,21
20211010,6,69
20211010,7,139
20211010,8,240
20211010,9,228
20211010,10,289
20211010,11,292
20211010,12,309
20211010,13,335
20211010,14,377
20211010,15,374
20211010,16,421
20211010,17,437
20211010,18,386
20211010,19,312
20211010,20,276
20211010,21,234
20211010,22,314
20211010,23,166
20211011,0,32
20211011,5,34
20211011,6,122
20211011,7,201
20211011,8,264
20211011,9,260
20211011,10,294
20211011,11,276
20211011,12,300
20211011,13,411
20211011,14,459
20211011,15,494
20211011,16,480
20211011,17,539
20211011,18,470
20211011,19,443
20211011,20,424
20211011,21,348
20211011,22,288
20211011,23,202
20211012,0,27
20211012,5,76
20211012,6,509
20211012,7,1083
20211012,8,919
20211012,9,475
20211012,10,350
20211012,11,329
20211012,12,354
20211012,13,402
20211012,14,426
20211012,15,559
20211012,16,643
20211012,17,854
20211012,18,981
20211012,19,534
20211012,20,449
20211012,21,468
20211012,22,469
20211012,23,214
20211013,0,39
20211013,1,0
20211013,5,58
20211013,6,433
20211013,7,982
20211013,8,919
20211013,9,532
20211013,10,321
20211013,11,432
20211013,12,373
20211013,13,440
20211013,14,436
20211013,15,592
20211013,16,725
20211013,17,914
20211013,18,1079
20211013,19,606
20211013,20,474
20211013,21,417
20211013,22,505
20211013,23,290
20211014,0,38
20211014,1,0
20211014,5,56
20211014,6,464
20211014,7,1053
20211014,8,825
20211014,9,508
20211014,10,389
20211014,11,419
20211014,12,380
20211014,13,456
20211014,14,398
20211014,15,592
20211014,16,609
20211014,17,853
20211014,18,1037
20211014,19,598
20211014,20,490
20211014,21,509
20211014,22,521
20211014,23,268
20211015,0,49
20211015,1,0
20211015,5,51
20211015,6,435
20211015,7,949
20211015,8,877
20211015,9,544
20211015,10,378
20211015,11,406
20211015,12,458
20211015,13,424
20211015,14,601
20211015,15,721
20211015,16,895
20211015,17,1099
20211015,18,1124
20211015,19,755
20211015,20,520
20211015,21,420
20211015,22,483
20211015,23,217
20211016,0,60
20211016,1,0
20211016,5,36
20211016,6,176
20211016,7,265
20211016,8,370
20211016,9,402
20211016,10,385
20211016,11,432
20211016,12,402
20211016,13,392
20211016,14,475
20211016,15,444
20211016,16,452
20211016,17,531
20211016,18,401
20211016,19,293
20211016,20,291
20211016,21,318
20211016,22,347
20211016,23,211
20211017,0,40
20211017,5,20
20211017,6,80
20211017,7,118
20211017,8,197
20211017,9,245
20211017,10,238
20211017,11,311
20211017,12,244
20211017,13,330
20211017,14,345
20211017,15,375
20211017,16,427
20211017,17,421
20211017,18,426
20211017,19,385
20211017,20,382
20211017,21,319
20211017,22,280
20211017,23,165
20211018,0,22
20211018,1,0
20211018,5,65
20211018,6,534
20211018,7,1071
20211018,8,871
20211018,9,488
20211018,10,373
20211018,11,395
20211018,12,354
20211018,13,383
20211018,14,436
20211018,15,607
20211018,16,611
20211018,17,813
20211018,18,1033
20211018,19,614
20211018,20,424
20211018,21,451
20211018,22,354
20211018,23,276
20211019,0,47
20211019,5,57
20211019,6,481
20211019,7,1003
20211019,8,939
20211019,9,501
20211019,10,357
20211019,11,431
20211019,12,367
20211019,13,413
20211019,14,459
20211019,15,564
20211019,16,724
20211019,17,808
20211019,18,1014
20211019,19,533
20211019,20,441
20211019,21,422
20211019,22,425
20211019,23,251
20211020,0,57
20211020,5,56
20211020,6,444
20211020,7,1070
20211020,8,1012
20211020,9,529
20211020,10,382
20211020,11,395
20211020,12,404
20211020,13,429
20211020,14,504
20211020,15,644
20211020,16,683
20211020,17,835
20211020,18,1051
20211020,19,627
20211020,20,489
20211020,21,447
20211020,22,449
20211020,23,289
20211021,0,94
20211021,5,57
20211021,6,433
20211021,7,1007
20211021,8,892
20211021,9,522
20211021,10,352
20211021,11,409
20211021,12,449
20211021,13,444
20211021,14,425
20211021,15,653
20211021,16,731
20211021,17,910
20211021,18,1078
20211021,19,593
20211021,20,471
20211021,21,486
20211021,22,501
20211021,23,297
20211022,0,76
20211022,5,55
20211022,6,402
20211022,7,1025
20211022,8,911
20211022,9,523
20211022,10,413
20211022,11,440
20211022,12,495
20211022,13,525
20211022,14,666
20211022,15,815
20211022,16,971
20211022,17,1169
20211022,18,1265
20211022,19,739
20211022,20,523
20211022,21,453
20211022,22,438
20211022,23,285
20211023,0,69
20211023,5,47
20211023,6,162
20211023,7,254
20211023,8,417
20211023,9,394
20211023,10,436
20211023,11,432
20211023,12,468
20211023,13,431
20211023,14,471
20211023,15,459
20211023,16,511
20211023,17,483
20211023,18,439
20211023,19,392
20211023,20,324
20211023,21,309
20211023,22,274
20211023,23,250
20211024,0,58
20211024,1,0
20211024,5,27
20211024,6,83
20211024,7,134
20211024,8,238
20211024,9,253
20211024,10,273
20211024,11,296
20211024,12,332
20211024,13,355
20211024,14,381
20211024,15,434
20211024,16,454
20211024,17,428
20211024,18,457
20211024,19,449
20211024,20,423
20211024,21,354
20211024,22,278
20211024,23,223
20211025,0,34
20211025,1,0
20211025,5,74
20211025,6,503
20211025,7,1155
20211025,8,937
20211025,9,480
20211025,10,391
20211025,11,373
20211025,12,407
20211025,13,428
20211025,14,465
20211025,15,595
20211025,16,667
20211025,17,834
20211025,18,1053
20211025,19,601
20211025,20,451
20211025,21,471
20211025,22,407
20211025,23,229
20211026,0,70
20211026,5,55
20211026,6,452
20211026,7,1077
20211026,8,934
20211026,9,484
20211026,10,396
20211026,11,379
20211026,12,434
20211026,13,431
20211026,14,446
20211026,15,649
20211026,16,726
20211026,17,943
20211026,18,1088
20211026,19,597
20211026,20,488
20211026,21,505
20211026,22,447
20211026,23,282
20211027,0,76
20211027,5,45
20211027,6,440
20211027,7,1093
20211027,8,937
20211027,9,549
20211027,10,400
20211027,11,400
20211027,12,421
20211027,13,447
20211027,14,539
20211027,15,665
20211027,16,757
20211027,17,942
20211027,18,1153
20211027,19,647
20211027,20,526
20211027,21,502
20211027,22,450
20211027,23,334
20211028,0,95
20211028,5,55
20211028,6,436
20211028,7,1106
20211028,8,953
20211028,9,563
20211028,10,439
20211028,11,423
20211028,12,454
20211028,13,455
20211028,14,528
20211028,15,705
20211028,16,783
20211028,17,996
20211028,18,1162
20211028,19,609
20211028,20,586
20211028,21,498
20211028,22,441
20211028,23,328
20211029,0,81
20211029,5,56
20211029,6,448
20211029,7,1012
20211029,8,823
20211029,9,533
20211029,10,439
20211029,11,460
20211029,12,461
20211029,13,457
20211029,14,651
20211029,15,851
20211029,16,914
20211029,17,1157
20211029,18,1258
20211029,19,791
20211029,20,580
20211029,21,516
20211029,22,442
20211029,23,355
20211030,0,83
20211030,5,59
20211030,6,207
20211030,7,311
20211030,8,392
20211030,9,443
20211030,10,403
20211030,11,447
20211030,12,512
20211030,13,502
20211030,14,464
20211030,15,562
20211030,16,498
20211030,17,541
20211030,18,414
20211030,19,335
20211030,20,384
20211030,21,327
20211030,22,361
20211030,23,258
20211031,0,62
20211031,5,31
20211031,6,77
20211031,7,139
20211031,8,216
20211031,9,238
20211031,10,309
20211031,11,343
20211031,12,332
20211031,13,375
20211031,14,434
20211031,15,484
20211031,16,497
20211031,17,475
20211031,18,459
20211031,19,469
20211031,20,432
20211031,21,404
20211031,22,291
20211031,23,214
20211101,0,61
20211101,5,79
20211101,6,540
20211101,7,1200
20211101,8,1014
20211101,9,514
20211101,10,381
20211101,11,376
20211101,12,383
20211101,13,401
20211101,14,472
20211101,15,638
20211101,16,712
20211101,17,846
20211101,18,1178
20211101,19,607
20211101,20,472
20211101,21,495
20211101,22,395
20211101,23,284
20211102,0,62
20211102,5,62
20211102,6,470
20211102,7,1134
20211102,8,1022
20211102,9,526
20211102,10,368
20211102,11,397
20211102,12,402
20211102,13,438
20211102,14,460
20211102,15,586
20211102,16,741
20211102,17,914
20211102,18,1159
20211102,19,613
20211102,20,501
20211102,21,514
20211102,22,444
20211102,23,295
20211103,0,84
20211103,5,60
20211103,6,510
20211103,7,1081
20211103,8,915
20211103,9,543
20211103,10,368
20211103,11,447
20211103,12,406
20211103,13,397
20211103,14,471
20211103,15,712
20211103,16,802
20211103,17,960
20211103,18,1169
20211103,19,617
20211103,20,503
20211103,21,512
20211103,22,487
20211103,23,315
20211104,0,78
20211104,1,1
20211104,5,62
20211104,6,478
20211104,7,1131
20211104,8,929
20211104,9,552
20211104,10,468
20211104,11,396
20211104,12,452
20211104,13,513
20211104,14,509
20211104,15,706
20211104,16,714
20211104,17,956
20211104,18,1189
20211104,19,656
20211104,20,505
20211104,21,534
20211104,22,453
20211104,23,384
20211105,0,90
20211105,5,54
20211105,6,466
20211105,7,1060
20211105,8,968
20211105,9,588
20211105,10,446
20211105,11,474
20211105,12,462
20211105,13,528
20211105,14,590
20211105,15,830
20211105,16,962
20211105,17,1262
20211105,18,1299
20211105,19,791
20211105,20,632
20211105,21,485
20211105,22,437
20211105,23,392
20211106,0,93
20211106,1,0
20211106,5,50
20211106,6,177
20211106,7,282
20211106,8,410
20211106,9,499
20211106,10,420
20211106,11,470
20211106,12,489
20211106,13,458
20211106,14,548
20211106,15,550
20211106,16,606
20211106,17,571
20211106,18,478
20211106,19,370
20211106,20,436
20211106,21,349
20211106,22,332
20211106,23,276
20211107,0,75
20211107,5,26
20211107,6,80
20211107,7,157
20211107,8,259
20211107,9,250
20211107,10,271
20211107,11,321
20211107,12,319
20211107,13,362
20211107,14,438
20211107,15,422
20211107,16,487
20211107,17,532
20211107,18,453
20211107,19,478
20211107,20,509
20211107,21,346
20211107,22,276
20211107,23,250
20211108,0,44
20211108,5,75
20211108,6,517
20211108,7,1140
20211108,8,1017
20211108,9,520
20211108,10,338
20211108,11,363
20211108,12,379
20211108,13,325
20211108,14,428
20211108,15,534
20211108,16,657
20211108,17,884
20211108,18,1051
20211108,19,543
20211108,20,424
20211108,21,432
20211108,22,339
20211108,23,262
20211109,0,66
20211109,5,56
20211109,6,479
20211109,7,1094
20211109,8,1016
20211109,9,537
20211109,10,359
20211109,11,410
20211109,12,432
20211109,13,398
20211109,14,459
20211109,15,622
20211109,16,764
20211109,17,913
20211109,18,1055
20211109,19,540
20211109,20,523
20211109,21,437
20211109,22,458
20211109,23,261
20211110,0,87
20211110,5,53
20211110,6,522
20211110,7,1051
20211110,8,928
20211110,9,539
20211110,10,377
20211110,11,389
20211110,12,450
20211110,13,342
20211110,14,452
20211110,15,627
20211110,16,771
20211110,17,949
20211110,18,1126
20211110,19,611
20211110,20,518
20211110,21,502
20211110,22,409
20211110,23,329
20211111,0,85
20211111,5,62
20211111,6,485
20211111,7,1091
20211111,8,939
20211111,9,520
20211111,10,391
20211111,11,431
20211111,12,426
20211111,13,420
20211111,14,534
20211111,15,702
20211111,16,746
20211111,17,970
20211111,18,1096
20211111,19,660
20211111,20,552
20211111,21,543
20211111,22,494
20211111,23,322
20211112,0,85
20211112,5,59
20211112,6,452
20211112,7,1005
20211112,8,929
20211112,9,593
20211112,10,379
20211112,11,495
20211112,12,518
20211112,13,444
20211112,14,629
20211112,15,838
20211112,16,915
20211112,17,1215
20211112,18,1290
20211112,19,793
20211112,20,561
20211112,21,501
20211112,22,443
20211112,23,343
20211113,0,110
20211113,5,46
20211113,6,222
20211113,7,298
20211113,8,430
20211113,9,448
20211113,10,445
20211113,11,443
20211113,12,451
20211113,13,478
20211113,14,509
20211113,15,498
20211113,16,550
20211113,17,466
20211113,18,468
20211113,19,400
20211113,20,341
20211113,21,358
20211113,22,325
20211113,23,255
20211114,0,77
20211114,5,31
20211114,6,70
20211114,7,133
20211114,8,239
20211114,9,247
20211114,10,276
20211114,11,321
20211114,12,290
20211114,13,324
20211114,14,450
20211114,15,397
20211114,16,470
20211114,17,483
20211114,18,441
20211114,19,473
20211114,20,471
20211114,21,369
20211114,22,262
20211114,23,231
20211115,0,49
20211115,5,64
20211115,6,568
20211115,7,1142
20211115,8,1000
20211115,9,626
20211115,10,390
20211115,11,440
20211115,12,446
20211115,13,466
20211115,14,525
20211115,15,636
20211115,16,685
20211115,17,912
20211115,18,1119
20211115,19,583
20211115,20,463
20211115,21,445
20211115,22,418
20211115,23,308
20211116,0,59
20211116,5,69
20211116,6,516
20211116,7,1104
20211116,8,981
20211116,9,577
20211116,10,372
20211116,11,452
20211116,12,461
20211116,13,477
20211116,14,536
20211116,15,717
20211116,16,767
20211116,17,921
20211116,18,1089
20211116,19,606
20211116,20,471
20211116,21,499
20211116,22,459
20211116,23,291
20211117,0,79
20211117,5,69
20211117,6,487
20211117,7,1118
20211117,8,949
20211117,9,657
20211117,10,468
20211117,11,447
20211117,12,495
20211117,13,520
20211117,14,534
20211117,15,713
20211117,16,788
20211117,17,1058
20211117,18,1137
20211117,19,617
20211117,20,596
20211117,21,470
20211117,22,461
20211117,23,354
20211118,0,96
20211118,5,62
20211118,6,391
20211118,7,923
20211118,8,940
20211118,9,920
20211118,10,452
20211118,11,482
20211118,12,473
20211118,13,432
20211118,14,590
20211118,15,744
20211118,16,778
20211118,17,1016
20211118,18,1247
20211118,19,637
20211118,20,586
20211118,21,496
20211118,22,491
20211118,23,369
20211119,0,91
20211119,1,0
20211119,5,65
20211119,6,438
20211119,7,1079
20211119,8,914
20211119,9,604
20211119,10,459
20211119,11,444
20211119,12,512
20211119,13,551
20211119,14,716
20211119,15,927
20211119,16,946
20211119,17,1245
20211119,18,1348
20211119,19,846
20211119,20,618
20211119,21,549
20211119,22,504
20211119,23,368
20211120,0,106
20211120,1,0
20211120,5,47
20211120,6,201
20211120,7,311
20211120,8,412
20211120,9,426
20211120,10,481
20211120,11,496
20211120,12,476
20211120,13,451
20211120,14,542
20211120,15,518
20211120,16,572
20211120,17,573
20211120,18,454
20211120,19,440
20211120,20,348
20211120,21,377
20211120,22,335
20211120,23,301
20211121,0,61
20211121,5,26
20211121,6,85
20211121,7,158
20211121,8,219
20211121,9,276
20211121,10,307
20211121,11,343
20211121,12,352
20211121,13,333
20211121,14,484
20211121,15,488
20211121,16,545
20211121,17,442
20211121,18,481
20211121,19,430
20211121,20,496
20211121,21,323
20211121,22,314
20211121,23,240
20211122,0,60
20211122,5,77
20211122,6,546
20211122,7,1152
20211122,8,990
20211122,9,576
20211122,10,406
20211122,11,402
20211122,12,442
20211122,13,444
20211122,14,480
20211122,15,656
20211122,16,639
20211122,17,894
20211122,18,1034
20211122,19,566
20211122,20,477
20211122,21,448
20211122,22,439
20211122,23,292
20211123,0,81
20211123,5,63
20211123,6,448
20211123,7,1135
20211123,8,1030
20211123,9,571
20211123,10,367
20211123,11,421
20211123,12,428
20211123,13,508
20211123,14,461
20211123,15,670
20211123,16,740
20211123,17,893
20211123,18,1087
20211123,19,569
20211123,20,470
20211123,21,482
20211123,22,489
20211123,23,295
20211124,0,0
20211125,0,73
20211125,1,0
20211125,5,66
20211125,6,472
20211125,7,1144
20211125,8,980
20211125,9,611
20211125,10,471
20211125,11,482
20211125,12,447
20211125,13,511
20211125,14,538
20211125,15,656
20211125,16,855
20211125,17,1004
20211125,18,1135
20211125,19,648
20211125,20,623
20211125,21,506
20211125,22,532
20211125,23,351
20211126,0,73
20211126,5,61
20211126,6,440
20211126,7,1013
20211126,8,942
20211126,9,574
20211126,10,460
20211126,11,502
20211126,12,463
20211126,13,524
20211126,14,717
20211126,15,822
20211126,16,1037
20211126,17,1172
20211126,18,1310
20211126,19,792
20211126,20,620
20211126,21,494
20211126,22,472
20211126,23,327
20211127,0,100
20211127,1,0
20211127,5,53
20211127,6,180
20211127,7,274
20211127,8,395
20211127,9,466
20211127,10,480
20211127,11,460
20211127,12,427
20211127,13,470
20211127,14,518
20211127,15,565
20211127,16,475
20211127,17,540
20211127,18,403
20211127,19,374
20211127,20,353
20211127,21,392
20211127,22,300
20211127,23,325
20211128,0,67
20211128,5,22
20211128,6,78
20211128,7,117
20211128,8,220
20211128,9,274
20211128,10,340
20211128,11,318
20211128,12,290
20211128,13,372
20211128,14,426
20211128,15,437
20211128,16,497
20211128,17,552
20211128,18,407
20211128,19,507
20211128,20,492
20211128,21,323
20211128,22,299
20211128,23,248
20211129,0,49
20211129,5,74
20211129,6,556
20211129,7,1146
20211129,8,1040
20211129,9,625
20211129,10,370
20211129,11,458
20211129,12,424
20211129,13,451
20211129,14,513
20211129,15,680
20211129,16,707
20211129,17,896
20211129,18,1069
20211129,19,633
20211129,20,526
20211129,21,463
20211129,22,419
20211129,23,319
20211202,0,68
20211202,5,61
20211202,6,474
20211202,7,1028
20211202,8,950
20211202,9,542
20211202,10,374
20211202,11,466
20211202,12,433
20211202,13,422
20211202,14,494
20211202,15,673
20211202,16,778
20211202,17,940
20211202,18,1071
20211202,19,620
20211202,20,550
20211202,21,489
20211202,22,456
20211202,23,310
20211203,0,84
20211203,1,0
20211203,5,46
20211203,6,439
20211203,7,1005
20211203,8,948
20211203,9,514
20211203,10,410
20211203,11,531
20211203,12,575
20211203,13,529
20211203,14,642
20211203,15,831
20211203,16,931
20211203,17,1100
20211203,18,1327
20211203,19,780
20211203,20,582
20211203,21,452
20211203,22,430
20211203,23,312
20211204,0,107
20211204,5,44
20211204,6,156
20211204,7,246
20211204,8,350
20211204,9,413
20211204,10,483
20211204,11,470
20211204,12,414
20211204,13,383
20211204,14,439
20211204,15,494
20211204,16,495
20211204,17,506
20211204,18,372
20211204,19,341
20211204,20,322
20211204,21,329
20211204,22,285
20211204,23,267
20211205,0,63
20211205,5,25
20211205,6,79
20211205,7,119
20211205,8,218
20211205,9,250
20211205,10,274
20211205,11,278
20211205,12,297
20211205,13,338
20211205,14,375
20211205,15,466
20211205,16,500
20211205,17,570
20211205,18,372
20211205,19,433
20211205,20,474
20211205,21,326
20211205,22,308
20211205,23,221
20211206,0,34
20211206,5,80
20211206,6,568
20211206,7,1155
20211206,8,951
20211206,9,522
20211206,10,366
20211206,11,430
20211206,12,434
20211206,13,423
20211206,14,529
20211206,15,576
20211206,16,743
20211206,17,845
20211206,18,1063
20211206,19,598
20211206,20,407
20211206,21,454
20211206,22,370
20211206,23,275
20211207,0,69
20211207,1,0
20211207,5,72
20211207,6,465
20211207,7,1069
20211207,8,941
20211207,9,581
20211207,10,407
20211207,11,424
20211207,12,418
20211207,13,471
20211207,14,562
20211207,15,733
20211207,16,744
20211207,17,915
20211207,18,1075
20211207,19,650
20211207,20,510
20211207,21,512
20211207,22,479
20211207,23,304
20211208,0,84
20211208,5,57
20211208,6,504
20211208,7,1119
20211208,8,885
20211208,9,476
20211208,10,429
20211208,11,449
20211208,12,428
20211208,13,489
20211208,14,477
20211208,15,683
20211208,16,791
20211208,17,936
20211208,18,1124
20211208,19,605
20211208,20,503
20211208,21,545
20211208,22,485
20211208,23,304
20211209,0,83
20211209,5,68
20211209,6,463
20211209,7,1024
20211209,8,983
20211209,9,586
20211209,10,426
20211209,11,421
20211209,12,447
20211209,13,444
20211209,14,530
20211209,15,679
20211209,16,742
20211209,17,922
20211209,18,1107
20211209,19,605
20211209,20,490
20211209,21,538
20211209,22,452
20211209,23,324
20211210,0,84
20211210,5,66
20211210,6,414
20211210,7,1026
20211210,8,944
20211210,9,545
20211210,10,411
20211210,11,435
20211210,12,450
20211210,13,474
20211210,14,634
20211210,15,811
20211210,16,901
20211210,17,1237
20211210,18,1268
20211210,19,759
20211210,20,631
20211210,21,459
20211210,22,428
20211210,23,324
20211211,0,88
20211211,5,58
20211211,6,174
20211211,7,230
20211211,8,366
20211211,9,394
20211211,10,439
20211211,11,437
20211211,12,374
20211211,13,426
20211211,14,460
20211211,15,508
20211211,16,514
20211211,17,576
20211211,18,406
20211211,19,350
20211211,20,333
20211211,21,334
20211211,22,316
20211211,23,232
20211212,0,86
20211212,1,0
20211212,5,32
20211212,6,59
20211212,7,148
20211212,8,163
20211212,9,225
20211212,10,250
20211212,11,266
20211212,12,295
20211212,13,337
20211212,14,381
20211212,15,393
20211212,16,468
20211212,17,444
20211212,18,362
20211212,19,422
20211212,20,456
20211212,21,348
20211212,22,246
20211212,23,232
20211214,0,76
20211214,5,55
20211214,6,457
20211214,7,1081
20211214,8,968
20211214,9,537
20211214,10,392
20211214,11,409
20211214,12,405
20211214,13,518
20211214,14,548
20211214,15,664
20211214,16,736
20211214,17,920
20211214,18,1058
20211214,19,577
20211214,20,512
20211214,21,439
20211214,22,429
20211214,23,290
20211215,0,76
20211215,1,0
20211215,5,60
20211215,6,457
20211215,7,1003
20211215,8,839
20211215,9,560
20211215,10,403
20211215,11,402
20211215,12,506
20211215,13,450
20211215,14,575
20211215,15,664
20211215,16,744
20211215,17,932
20211215,18,1095
20211215,19,620
20211215,20,468
20211215,21,490
20211215,22,437
20211215,23,335
20211216,0,95
20211216,1,0
20211216,5,54
20211216,6,437
20211216,7,992
20211216,8,938
20211216,9,497
20211216,10,435
20211216,11,428
20211216,12,490
20211216,13,509
20211216,14,582
20211216,15,653
20211216,16,740
20211216,17,895
20211216,18,1091
20211216,19,592
20211216,20,478
20211216,21,479
20211216,22,516
20211216,23,310
20211217,0,123
20211217,5,71
20211217,6,417
20211217,7,1007
20211217,8,943
20211217,9,545
20211217,10,427
20211217,11,469
20211217,12,523
20211217,13,596
20211217,14,786
20211217,15,794
20211217,16,953
20211217,17,1201
20211217,18,1198
20211217,19,731
20211217,20,586
20211217,21,550
20211217,22,471
20211217,23,312
20211218,0,122
20211218,1,0
20211218,5,40
20211218,6,144
20211218,7,257
20211218,8,328
20211218,9,380
20211218,10,417
20211218,11,438
20211218,12,371
20211218,13,414
20211218,14,468
20211218,15,530
20211218,16,489
20211218,17,478
20211218,18,405
20211218,19,286
20211218,20,356
20211218,21,472
20211218,22,330
20211218,23,167
20211219,0,34
20211219,1,0
20211219,5,23
20211219,6,77
20211219,7,134
20211219,8,215
20211219,9,241
20211219,10,290
20211219,11,342
20211219,12,312
20211219,13,372
20211219,14,429
20211219,15,487
20211219,16,515
20211219,17,494
20211219,18,415
20211219,19,382
20211219,20,492
20211219,21,474
20211219,22,246
20211219,23,149
20211220,0,31
20211220,5,73
20211220,6,515
20211220,7,1095
20211220,8,920
20211220,9,493
20211220,10,462
20211220,11,445
20211220,12,431
20211220,13,449
20211220,14,561
20211220,15,596
20211220,16,714
20211220,17,874
20211220,18,1051
20211220,19,577
20211220,20,482
20211220,21,637
20211220,22,380
20211220,23,178
20211221,0,36
20211221,5,75
20211221,6,429
20211221,7,1026
20211221,8,895
20211221,9,512
20211221,10,434
20211221,11,428
20211221,12,456
20211221,13,517
20211221,14,579
20211221,15,690
20211221,16,767
20211221,17,905
20211221,18,1061
20211221,19,540
20211221,20,539
20211221,21,702
20211221,22,427
20211221,23,185
20211222,0,40
20211222,5,61
20211222,6,437
20211222,7,1044
20211222,8,1013
20211222,9,566
20211222,10,484
20211222,11,473
20211222,12,474
20211222,13,521
20211222,14,638
20211222,15,747
20211222,16,765
20211222,17,948
20211222,18,1135
20211222,19,607
20211222,20,564
20211222,21,785
20211222,22,390
20211222,23,183
20211223,0,35
20211223,1,0
20211223,5,58
20211223,6,429
20211223,7,1010
20211223,8,923
20211223,9,547
20211223,10,399
20211223,11,470
20211223,12,444
20211223,13,469
20211223,14,578
20211223,15,710
20211223,16,786
20211223,17,941
20211223,18,1142
20211223,19,603
20211223,20,610
20211223,21,731
20211223,22,445
20211223,23,184
20211224,0,50
20211224,5,59
20211224,6,380
20211224,7,906
20211224,8,839
20211224,9,573
20211224,10,431
20211224,11,458
20211224,12,519
20211224,13,528
20211224,14,723
20211224,15,831
20211224,16,1006
20211224,17,1123
20211224,18,1162
20211224,19,663
20211224,20,525
20211224,21,555
20211224,22,320
20211224,23,153
20211225,0,37
20211225,5,34
20211225,6,88
20211225,7,156
20211225,8,286
20211225,9,314
20211225,10,411
20211225,11,442
20211225,12,459
20211225,13,447
20211225,14,491
20211225,15,459
20211225,16,446
20211225,17,501
20211225,18,344
20211225,19,328
20211225,20,352
20211225,21,475
20211225,22,285
20211225,23,166
20211226,0,33
20211226,5,17
20211226,6,54
20211226,7,106
20211226,8,145
20211226,9,198
20211226,10,242
20211226,11,260
20211226,12,304
20211226,13,332
20211226,14,380
20211226,15,458
20211226,16,437
20211226,17,435
20211226,18,344
20211226,19,404
20211226,20,373
20211226,21,390
20211226,22,237
20211226,23,136
20211227,0,23
20211227,5,72
20211227,6,446
20211227,7,1020
20211227,8,846
20211227,9,447
20211227,10,362
20211227,11,411
20211227,12,365
20211227,13,421
20211227,14,448
20211227,15,639
20211227,16,639
20211227,17,873
20211227,18,1022
20211227,19,582
20211227,20,475
20211227,21,700
20211227,22,387
20211227,23,170
20211228,0,38
20211228,5,70
20211228,6,394
20211228,7,963
20211228,8,913
20211228,9,538
20211228,10,385
20211228,11,420
20211228,12,399
20211228,13,460
20211228,14,523
20211228,15,620
20211228,16,736
20211228,17,939
20211228,18,1001
20211228,19,562
20211228,20,597
20211228,21,766
20211228,22,445
20211228,23,154
20211229,0,40
20211229,1,0
20211229,5,71
20211229,6,420
20211229,7,975
20211229,8,829
20211229,9,475
20211229,10,387
20211229,11,402
20211229,12,379
20211229,13,485
20211229,14,550
20211229,15,636
20211229,16,787
20211229,17,864
20211229,18,1097
20211229,19,533
20211229,20,568
20211229,21,739
20211229,22,430
20211229,23,186
20211230,0,31
20211230,5,60
20211230,6,433
20211230,7,919
20211230,8,846
20211230,9,456
20211230,10,409
20211230,11,431
20211230,12,465
20211230,13,432
20211230,14,551
20211230,15,712
20211230,16,852
20211230,17,970
20211230,18,1160
20211230,19,531
20211230,20,601
20211230,21,724
20211230,22,424
20211230,23,184
20211231,0,34
20211231,5,51
20211231,6,355
20211231,7,830
20211231,8,799
20211231,9,428
20211231,10,393
20211231,11,447
20211231,12,513
20211231,13,539
20211231,14,789
20211231,15,925
20211231,16,877
20211231,17,1038
20211231,18,1099
20211231,19,586
20211231,20,466
20211231,21,473
20211231,22,298
20211231,23,137
20220101,0,38
20220101,5,18
20220101,6,81
20220101,7,97
20220101,8,156
20220101,9,233
20220101,10,255
20220101,11,285
20220101,12,262
20220101,13,316
20220101,14,322
20220101,15,358
20220101,16,309
20220101,17,375
20220101,18,272
20220101,19,206
20220101,20,275
20220101,21,329
20220101,22,193
20220101,23,99
20220102,0,35
20220102,5,15
20220102,6,53
20220102,7,91
20220102,8,156
20220102,9,201
20220102,10,212
20220102,11,231
20220102,12,301
20220102,13,346
20220102,14,441
20220102,15,396
20220102,16,490
20220102,17,498
20220102,18,405
20220102,19,465
20220102,20,409
20220102,21,433
20220102,22,259
20220102,23,181
20220103,0,29
20220103,5,70
20220103,6,525
20220103,7,1136
20220103,8,852
20220103,9,446
20220103,10,336
20220103,11,336
20220103,12,298
20220103,13,362
20220103,14,458
20220103,15,543
20220103,16,554
20220103,17,759
20220103,18,1088
20220103,19,552
20220103,20,434
20220103,21,601
20220103,22,322
20220103,23,129
20220104,0,21
20220104,5,53
20220104,6,403
20220104,7,1050
20220104,8,779
20220104,9,460
20220104,10,345
20220104,11,371
20220104,12,375
20220104,13,438
20220104,14,510
20220104,15,544
20220104,16,613
20220104,17,821
20220104,18,1034
20220104,19,509
20220104,20,555
20220104,21,700
20220104,22,390
20220104,23,138
20220105,0,25
20220105,5,53
20220105,6,425
20220105,7,999
20220105,8,755
20220105,9,508
20220105,10,362
20220105,11,423
20220105,12,376
20220105,13,388
20220105,14,482
20220105,15,600
20220105,16,719
20220105,17,780
20220105,18,1120
20220105,19,523
20220105,20,522
20220105,21,667
20220105,22,397
20220105,23,160
20220106,0,41
20220106,1,0
20220106,5,66
20220106,6,406
20220106,7,907
20220106,8,838
20220106,9,556
20220106,10,392
20220106,11,423
20220106,12,380
20220106,13,478
20220106,14,527
20220106,15,652
20220106,16,688
20220106,17,897
20220106,18,1140
20220106,19,557
20220106,20,538
20220106,21,715
20220106,22,375
20220106,23,150
20220107,0,38
20220107,5,64
20220107,6,407
20220107,7,925
20220107,8,817
20220107,9,494
20220107,10,438
20220107,11,457
20220107,12,447
20220107,13,507
20220107,14,589
20220107,15,768
20220107,16,896
20220107,17,1154
20220107,18,1334
20220107,19,782
20220107,20,593
20220107,21,641
20220107,22,375
20220107,23,172
20220108,0,47
20220108,5,44
20220108,6,147
20220108,7,232
20220108,8,370
20220108,9,393
20220108,10,436
20220108,11,463
20220108,12,478
20220108,13,459
20220108,14,459
20220108,15,469
20220108,16,518
20220108,17,461
20220108,18,333
20220108,19,278
20220108,20,322
20220108,21,474
20220108,22,283
20220108,23,158
20220109,0,43
20220109,5,18
20220109,6,69
20220109,7,108
20220109,8,175
20220109,9,254
20220109,10,297
20220109,11,322
20220109,12,331
20220109,13,346
20220109,14,440
20220109,15,443
20220109,16,493
20220109,17,471
20220109,18,390
20220109,19,361
20220109,20,462
20220109,21,422
20220109,22,230
20220109,23,177
20220110,0,21
20220110,5,65
20220110,6,490
20220110,7,1120
20220110,8,945
20220110,9,576
20220110,10,395
20220110,11,401
20220110,12,404
20220110,13,440
20220110,14,479
20220110,15,622
20220110,16,672
20220110,17,837
20220110,18,1096
20220110,19,548
20220110,20,460
20220110,21,692
20220110,22,370
20220110,23,149
20220111,0,35
20220111,5,58
20220111,6,438
20220111,7,1038
20220111,8,862
20220111,9,520
20220111,10,433
20220111,11,405
20220111,12,402
20220111,13,495
20220111,14,477
20220111,15,677
20220111,16,734
20220111,17,924
20220111,18,1154
20220111,19,582
20220111,20,577
20220111,21,714
20220111,22,407
20220111,23,134
20220112,0,35
20220112,5,51
20220112,6,450
20220112,7,1022
20220112,8,842
20220112,9,517
20220112,10,419
20220112,11,433
20220112,12,424
20220112,13,446
20220112,14,495
20220112,15,641
20220112,16,723
20220112,17,883
20220112,18,1131
20220112,19,547
20220112,20,498
20220112,21,652
20220112,22,349
20220112,23,171
20220113,0,41
20220113,5,49
20220113,6,419
20220113,7,1007
20220113,8,952
20220113,9,546
20220113,10,401
20220113,11,429
20220113,12,434
20220113,13,442
20220113,14,529
20220113,15,631
20220113,16,716
20220113,17,828
20220113,18,1143
20220113,19,568
20220113,20,529
20220113,21,731
20220113,22,383
20220113,23,162
20220114,0,35
20220114,5,62
20220114,6,389
20220114,7,959
20220114,8,806
20220114,9,528
20220114,10,382
20220114,11,443
20220114,12,509
20220114,13,487
20220114,14,616
20220114,15,821
20220114,16,867
20220114,17,1217
20220114,18,1325
20220114,19,768
20220114,20,571
20220114,21,691
20220114,22,383
20220114,23,193
20220115,0,42
20220115,5,38
20220115,6,134
20220115,7,221
20220115,8,341
20220115,9,359
20220115,10,393
20220115,11,467
20220115,12,388
20220115,13,415
20220115,14,455
20220115,15,519
20220115,16,498
20220115,17,497
20220115,18,341
20220115,19,312
20220115,20,327
20220115,21,462
20220115,22,271
20220115,23,146
20220116,0,43
20220116,5,18
20220116,6,61
20220116,7,107
20220116,8,244
20220116,9,256
20220116,10,275
20220116,11,286
20220116,12,280
20220116,13,340
20220116,14,408
20220116,15,435
20220116,16,488
20220116,17,462
20220116,18,409
20220116,19,395
20220116,20,416
20220116,21,444
20220116,22,275
20220116,23,172
20220117,0,28
20220117,5,65
20220117,6,486
20220117,7,1102
20220117,8,920
20220117,9,507
20220117,10,414
20220117,11,405
20220117,12,405
20220117,13,421
20220117,14,494
20220117,15,568
20220117,16,630
20220117,17,793
20220117,18,1044
20220117,19,586
20220117,20,521
20220117,21,674
20220117,22,395
20220117,23,123
20220118,0,33
20220118,5,57
20220118,6,387
20220118,7,1032
20220118,8,876
20220118,9,539
20220118,10,388
20220118,11,428
20220118,12,489
20220118,13,411
20220118,14,545
20220118,15,654
20220118,16,760
20220118,17,922
20220118,18,1147
20220118,19,538
20220118,20,576
20220118,21,787
20220118,22,389
20220118,23,163
20220119,0,34
20220119,5,58
20220119,6,413
20220119,7,1017
20220119,8,928
20220119,9,567
20220119,10,408
20220119,11,498
20220119,12,475
20220119,13,444
20220119,14,542
20220119,15,682
20220119,16,785
20220119,17,890
20220119,18,1175
20220119,19,582
20220119,20,558
20220119,21,731
20220119,22,407
20220119,23,145
20220120,0,34
20220120,5,54
20220120,6,434
20220120,7,1044
20220120,8,885
20220120,9,611
20220120,10,438
20220120,11,392
20220120,12,438
20220120,13,470
20220120,14,502
20220120,15,694
20220120,16,691
20220120,17,886
20220120,18,1121
20220120,19,587
20220120,20,593
20220120,21,736
20220120,22,447
20220120,23,161
20220121,0,41
20220121,5,57
20220121,6,412
20220121,7,935
20220121,8,887
20220121,9,511
20220121,10,446
20220121,11,487
20220121,12,472
20220121,13,509
20220121,14,661
20220121,15,784
20220121,16,895
20220121,17,1170
20220121,18,1331
20220121,19,707
20220121,20,601
20220121,21,671
20220121,22,389
20220121,23,208
20220122,0,49
20220122,5,35
20220122,6,137
20220122,7,238
20220122,8,306
20220122,9,424
20220122,10,419
20220122,11,511
20220122,12,430
20220122,13,384
20220122,14,455
20220122,15,498
20220122,16,465
20220122,17,486
20220122,18,340
20220122,19,302
20220122,20,369
20220122,21,469
20220122,22,307
20220122,23,147
20220124,0,24
20220124,5,79
20220124,6,491
20220124,7,1090
20220124,8,885
20220124,9,525
20220124,10,456
20220124,11,452
20220124,12,418
20220124,13,462
20220124,14,509
20220124,15,676
20220124,16,681
20220124,17,825
20220124,18,1108
20220124,19,532
20220124,20,531
20220124,21,706
20220124,22,409
20220124,23,158
20220125,0,23
20220125,1,0
20220125,5,55
20220125,6,407
20220125,7,986
20220125,8,876
20220125,9,558
20220125,10,429
20220125,11,436
20220125,12,486
20220125,13,429
20220125,14,548
20220125,15,629
20220125,16,698
20220125,17,936
20220125,18,1156
20220125,19,575
20220125,20,587
20220125,21,787
20220125,22,402
20220125,23,159
20220126,0,39
20220126,5,56
20220126,6,395
20220126,7,1009
20220126,8,884
20220126,9,501
20220126,10,408
20220126,11,431
20220126,12,449
20220126,13,456
20220126,14,553
20220126,15,699
20220126,16,739
20220126,17,967
20220126,18,1135
20220126,19,570
20220126,20,591
20220126,21,761
20220126,22,453
20220126,23,163
20220127,0,39
20220127,5,60
20220127,6,403
20220127,7,993
20220127,8,869
20220127,9,577
20220127,10,435
20220127,11,509
20220127,12,438
20220127,13,414
20220127,14,577
20220127,15,722
20220127,16,714
20220127,17,929
20220127,18,1139
20220127,19,602
20220127,20,526
20220127,21,742
20220127,22,427
20220127,23,161
20220213,0,39
20220213,5,20
20220213,6,55
20220213,7,97
20220213,8,216
20220213,9,232
20220213,10,263
20220213,11,289
20220213,12,282
20220213,13,319
20220213,14,383
20220213,15,403
20220213,16,419
20220213,17,386
20220213,18,358
20220213,19,417
20220213,20,446
20220213,21,396
20220213,22,229
20220213,23,131
20220214,0,19
20220214,5,71
20220214,6,483
20220214,7,1006
20220214,8,883
20220214,9,553
20220214,10,422
20220214,11,446
20220214,12,405
20220214,13,407
20220214,14,498
20220214,15,632
20220214,16,597
20220214,17,836
20220214,18,1042
20220214,19,546
20220214,20,482
20220214,21,596
20220214,22,312
20220214,23,133
20220215,0,25
20220215,1,0
20220215,5,56
20220215,6,419
20220215,7,983
20220215,8,847
20220215,9,531
20220215,10,383
20220215,11,416
20220215,12,426
20220215,13,440
20220215,14,498
20220215,15,576
20220215,16,608
20220215,17,868
20220215,18,1093
20220215,19,507
20220215,20,506
20220215,21,592
20220215,22,352
20220215,23,164
20220216,0,37
20220216,1,0
20220216,5,53
20220216,6,372
20220216,7,966
20220216,8,879
20220216,9,529
20220216,10,371
20220216,11,411
20220216,12,438
20220216,13,423
20220216,14,523
20220216,15,660
20220216,16,624
20220216,17,857
20220216,18,1074
20220216,19,535
20220216,20,490
20220216,21,569
20220216,22,333
20220216,23,147
20220217,0,22
20220217,5,60
20220217,6,393
20220217,7,915
20220217,8,831
20220217,9,487
20220217,10,396
20220217,11,370
20220217,12,424
20220217,13,386
20220217,14,427
20220217,15,622
20220217,16,657
20220217,17,814
20220217,18,1089
20220217,19,507
20220217,20,553
20220217,21,609
20220217,22,401
20220217,23,137
20220218,0,36
20220218,5,48
20220218,6,381
20220218,7,882
20220218,8,860
20220218,9,502
20220218,10,429
20220218,11,454
20220218,12,448
20220218,13,497
20220218,14,634
20220218,15,726
20220218,16,871
20220218,17,1106
20220218,18,1267
20220218,19,719
20220218,20,544
20220218,21,527
20220218,22,324
20220218,23,168
20220219,0,28
20220219,1,0
20220219,5,42
20220219,6,133
20220219,7,246
20220219,8,309
20220219,9,383
20220219,10,407
20220219,11,419
20220219,12,389
20220219,13,421
20220219,14,433
20220219,15,459
20220219,16,432
20220219,17,438
20220219,18,351
20220219,19,279
20220219,20,278
20220219,21,320
20220219,22,301
20220219,23,158
20220225,0,47
20220225,5,60
20220225,6,336
20220225,7,901
20220225,8,802
20220225,9,537
20220225,10,396
20220225,11,488
20220225,12,451
20220225,13,505
20220225,14,638
20220225,15,805
20220225,16,869
20220225,17,1044
20220225,18,1307
20220225,19,739
20220225,20,554
20220225,21,431
20220225,22,472
20220225,23,221
20220226,0,63
20220226,5,42
20220226,6,151
20220226,7,254
20220226,8,327
20220226,9,377
20220226,10,364
20220226,11,409
20220226,12,384
20220226,13,400
20220226,14,412
20220226,15,454
20220226,16,412
20220226,17,400
20220226,18,399
20220226,19,315
20220226,20,275
20220226,21,312
20220226,22,315
20220226,23,150
20220227,0,31
20220227,5,23
20220227,6,55
20220227,7,152
20220227,8,202
20220227,9,205
20220227,10,273
20220227,11,268
20220227,12,273
20220227,13,327
20220227,14,420
20220227,15,371
20220227,16,425
20220227,17,457
20220227,18,314
20220227,19,347
20220227,20,344
20220227,21,328
20220227,22,296
20220227,23,156
20220228,0,20
20220228,5,69
20220228,6,392
20220228,7,894
20220228,8,738
20220228,9,440
20220228,10,392
20220228,11,420
20220228,12,402
20220228,13,376
20220228,14,507
20220228,15,561
20220228,16,695
20220228,17,805
20220228,18,1057
20220228,19,521
20220228,20,495
20220228,21,394
20220228,22,522
20220228,23,249
20220301,0,39
20220301,5,30
20220301,6,91
20220301,7,168
20220301,8,193
20220301,9,255
20220301,10,207
20220301,11,300
20220301,12,234
20220301,13,321
20220301,14,332
20220301,15,375
20220301,16,410
20220301,17,461
20220301,18,361
20220301,19,357
20220301,20,333
20220301,21,290
20220301,22,308
20220301,23,155
20220302,0,27
20220302,5,67
20220302,6,508
20220302,7,1174
20220302,8,906
20220302,9,505
20220302,10,360
20220302,11,412
20220302,12,427
20220302,13,400
20220302,14,463
20220302,15,579
20220302,16,750
20220302,17,882
20220302,18,1135
20220302,19,550
20220302,20,479
20220302,21,450
20220302,22,457
20220302,23,201
20220303,0,35
20220303,5,55
20220303,6,419
20220303,7,1126
20220303,8,920
20220303,9,549
20220303,10,403
20220303,11,466
20220303,12,412
20220303,13,391
20220303,14,443
20220303,15,640
20220303,16,742
20220303,17,963
20220303,18,1105
20220303,19,619
20220303,20,460
20220303,21,503
20220303,22,528
20220303,23,231
20220304,0,39
20220304,5,53
20220304,6,423
20220304,7,1056
20220304,8,874
20220304,9,503
20220304,10,351
20220304,11,424
20220304,12,430
20220304,13,491
20220304,14,620
20220304,15,769
20220304,16,915
20220304,17,1157
20220304,18,1292
20220304,19,761
20220304,20,534
20220304,21,441
20220304,22,454
20220304,23,246
20220305,0,42
20220305,1,0
20220305,5,37
20220305,6,138
20220305,7,242
20220305,8,314
20220305,9,344
20220305,10,342
20220305,11,392
20220305,12,351
20220305,13,379
20220305,14,387
20220305,15,356
20220305,16,436
20220305,17,386
20220305,18,366
20220305,19,314
20220305,20,269
20220305,21,266
20220305,22,255
20220305,23,243
20220306,0,43
20220306,1,0
20220306,5,25
20220306,6,62
20220306,7,115
20220306,8,181
20220306,9,212
20220306,10,246
20220306,11,208
20220306,12,222
20220306,13,264
20220306,14,354
20220306,15,366
20220306,16,418
20220306,17,414
20220306,18,369
20220306,19,343
20220306,20,368
20220306,21,255
20220306,22,265
20220306,23,165
20220307,0,37
20220307,5,69
20220307,6,538
20220307,7,1155
20220307,8,959
20220307,9,529
20220307,10,352
20220307,11,464
20220307,12,462
20220307,13,381
20220307,14,403
20220307,15,637
20220307,16,719
20220307,17,831
20220307,18,1080
20220307,19,582
20220307,20,476
20220307,21,469
20220307,22,378
20220307,23,256
20220308,0,47
20220308,5,54
20220308,6,407
20220308,7,1121
20220308,8,921
20220308,9,559
20220308,10,346
20220308,11,411
20220308,12,364
20220308,13,380
20220308,14,493
20220308,15,647
20220308,16,902
20220308,17,1014
20220308,18,1249
20220308,19,753
20220308,20,556
20220308,21,484
20220308,22,449
20220308,23,384
20220309,0,59
20220309,1,0
20220309,5,33
20220309,6,92
20220309,7,158
20220309,8,233
20220309,9,284
20220309,10,267
20220309,11,332
20220309,12,323
20220309,13,328
20220309,14,368
20220309,15,374
20220309,16,388
20220309,17,409
20220309,18,322
20220309,19,349
20220309,20,295
20220309,21,275
20220309,22,275
20220309,23,231
20220310,0,36
20220310,5,59
20220310,6,526
20220310,7,1147
20220310,8,918
20220310,9,544
20220310,10,376
20220310,11,386
20220310,12,376
20220310,13,385
20220310,14,451
20220310,15,585
20220310,16,700
20220310,17,897
20220310,18,1153
20220310,19,622
20220310,20,495
20220310,21,463
20220310,22,401
20220310,23,314
20220311,0,60
20220311,1,0
20220311,5,54
20220311,6,387
20220311,7,1047
20220311,8,759
20220311,9,517
20220311,10,367
20220311,11,385
20220311,12,465
20220311,13,475
20220311,14,559
20220311,15,757
20220311,16,946
20220311,17,1192
20220311,18,1267
20220311,19,789
20220311,20,568
20220311,21,398
20220311,22,389
20220311,23,276
20220312,0,75
20220312,5,36
20220312,6,148
20220312,7,227
20220312,8,324
20220312,9,341
20220312,10,366
20220312,11,405
20220312,12,428
20220312,13,348
20220312,14,381
20220312,15,519
20220312,16,484
20220312,17,479
20220312,18,342
20220312,19,325
20220312,20,284
20220312,21,304
20220312,22,284
20220312,23,247
20220313,0,62
20220313,1,0
20220313,5,19
20220313,6,49
20220313,7,102
20220313,8,174
20220313,9,198
20220313,10,175
20220313,11,216
20220313,12,242
20220313,13,284
20220313,14,331
20220313,15,412
20220313,16,423
20220313,17,417
20220313,18,314
20220313,19,340
20220313,20,352
20220313,21,331
20220313,22,261
20220313,23,219
20220314,0,35
20220314,1,0
20220314,5,57
20220314,6,507
20220314,7,1194
20220314,8,898
20220314,9,488
20220314,10,361
20220314,11,418
20220314,12,359
20220314,13,381
20220314,14,371
20220314,15,540
20220314,16,676
20220314,17,899
20220314,18,1066
20220314,19,572
20220314,20,452
20220314,21,449
20220314,22,361
20220314,23,245
20220315,0,41
20220315,5,52
20220315,6,437
20220315,7,1115
20220315,8,945
20220315,9,566
20220315,10,354
20220315,11,369
20220315,12,437
20220315,13,426
20220315,14,415
20220315,15,561
20220315,16,741
20220315,17,933
20220315,18,1063
20220315,19,561
20220315,20,485
20220315,21,387
20220315,22,413
20220315,23,279
20220316,0,34
20220316,5,47
20220316,6,445
20220316,7,1127
20220316,8,894
20220316,9,518
20220316,10,370
20220316,11,392
20220316,12,451
20220316,13,381
20220316,14,476
20220316,15,678
20220316,16,740
20220316,17,899
20220316,18,1152
20220316,19,598
20220316,20,427
20220316,21,455
20220316,22,420
20220316,23,309
20220317,0,42
20220317,1,0
20220317,5,50
20220317,6,403
20220317,7,1050
20220317,8,871
20220317,9,535
20220317,10,331
20220317,11,375
20220317,12,361
20220317,13,399
20220317,14,435
20220317,15,572
20220317,16,743
20220317,17,875
20220317,18,1035
20220317,19,541
20220317,20,502
20220317,21,427
20220317,22,385
20220317,23,321
20220410,0,87
20220410,5,24
20220410,6,85
20220410,7,160
20220410,8,250
20220410,9,318
20220410,10,268
20220410,11,347
20220410,12,314
20220410,13,361
20220410,14,399
20220410,15,429
20220410,16,440
20220410,17,492
20220410,18,474
20220410,19,499
20220410,20,462
20220410,21,373
20220410,22,287
20220410,23,229
20220411,0,55
20220411,5,85
20220411,6,564
20220411,7,1223
20220411,8,1001
20220411,9,606
20220411,10,409
20220411,11,471
20220411,12,405
20220411,13,448
20220411,14,444
20220411,15,656
20220411,16,752
20220411,17,1004
20220411,18,1109
20220411,19,673
20220411,20,480
20220411,21,502
20220411,22,414
20220411,23,286
20220412,0,75
20220412,1,0
20220412,5,60
20220412,6,459
20220412,7,1197
20220412,8,1041
20220412,9,584
20220412,10,421
20220412,11,433
20220412,12,474
20220412,13,416
20220412,14,503
20220412,15,717
20220412,16,805
20220412,17,912
20220412,18,1119
20220412,19,647
20220412,20,550
20220412,21,500
20220412,22,491
20220412,23,336
20220413,0,91
20220413,1,0
20220413,5,53
20220413,6,525
20220413,7,1151
20220413,8,941
20220413,9,674
20220413,10,365
20220413,11,398
20220413,12,449
20220413,13,369
20220413,14,463
20220413,15,625
20220413,16,746
20220413,17,938
20220413,18,1190
20220413,19,575
20220413,20,468
20220413,21,455
20220413,22,424
20220413,23,311
20220414,0,75
20220414,5,62
20220414,6,504
20220414,7,1153
20220414,8,1079
20220414,9,591
20220414,10,380
20220414,11,424
20220414,12,422
20220414,13,451
20220414,14,426
20220414,15,740
20220414,16,814
20220414,17,975
20220414,18,1135
20220414,19,634
20220414,20,536
20220414,21,524
20220414,22,476
20220414,23,332
20220415,0,104
20220415,5,27
20220415,6,298
20220415,7,666
20220415,8,488
20220415,9,317
20220415,10,251
20220415,11,313
20220415,12,291
20220415,13,250
20220415,14,327
20220415,15,439
20220415,16,582
20220415,17,627
20220415,18,831
20220415,19,518
20220415,20,293
20220415,21,286
20220415,22,216
20220415,23,233
20220416,0,108
20220416,5,44
20220416,6,197
20220416,7,291
20220416,8,436
20220416,9,468
20220416,10,493
20220416,11,466
20220416,12,478
20220416,13,443
20220416,14,490
20220416,15,526
20220416,16,496
20220416,17,551
20220416,18,440
20220416,19,349
20220416,20,421
20220416,21,421
20220416,22,314
20220416,23,333
20220417,0,103
20220417,5,28
20220417,6,80
20220417,7,142
20220417,8,269
20220417,9,281
20220417,10,285
20220417,11,339
20220417,12,323
20220417,13,320
20220417,14,423
20220417,15,431
20220417,16,445
20220417,17,461
20220417,18,417
20220417,19,499
20220417,20,495
20220417,21,387
20220417,22,249
20220417,23,226
20220418,0,57
20220418,5,65
20220418,6,606
20220418,7,1217
20220418,8,1019
20220418,9,620
20220418,10,386
20220418,11,461
20220418,12,459
20220418,13,404
20220418,14,494
20220418,15,634
20220418,16,793
20220418,17,929
20220418,18,1107
20220418,19,635
20220418,20,479
20220418,21,504
20220418,22,394
20220418,23,269
20220419,0,70
20220419,1,0
20220419,5,75
20220419,6,539
20220419,7,1179
20220419,8,979
20220419,9,628
20220419,10,420
20220419,11,450
20220419,12,484
20220419,13,406
20220419,14,523
20220419,15,653
20220419,16,827
20220419,17,951
20220419,18,1151
20220419,19,584
20220419,20,562
20220419,21,472
20220419,22,473
20220419,23,322
20220420,0,83
20220420,5,67
20220420,6,527
20220420,7,1201
20220420,8,1001
20220420,9,629
20220420,10,435
20220420,11,478
20220420,12,446
20220420,13,463
20220420,14,539
20220420,15,675
20220420,16,838
20220420,17,983
20220420,18,1184
20220420,19,687
20220420,20,529
20220420,21,499
20220420,22,491
20220420,23,353
20220421,0,104
20220421,1,0
20220421,5,63
20220421,6,498
20220421,7,1211
20220421,8,1042
20220421,9,628
20220421,10,497
20220421,11,520
20220421,12,488
20220421,13,456
20220421,14,570
20220421,15,763
20220421,16,928
20220421,17,1060
20220421,18,1146
20220421,19,653
20220421,20,561
20220421,21,573
20220421,22,477
20220421,23,387
20220422,0,112
20220422,5,63
20220422,6,485
20220422,7,1167
20220422,8,933
20220422,9,622
20220422,10,474
20220422,11,515
20220422,12,508
20220422,13,499
20220422,14,703
20220422,15,921
20220422,16,1102
20220422,17,1224
20220422,18,1348
20220422,19,846
20220422,20,629
20220422,21,542
20220422,22,489
20220422,23,402
20220423,0,118
20220423,1,0
20220423,5,53
20220423,6,205
20220423,7,330
20220423,8,455
20220423,9,436
20220423,10,502
20220423,11,492
20220423,12,457
20220423,13,472
20220423,14,504
20220423,15,553
20220423,16,493
20220423,17,541
20220423,18,491
20220423,19,412
20220423,20,428
20220423,21,434
20220423,22,359
20220423,23,336
20220424,0,95
20220424,5,23
20220424,6,102
20220424,7,159
20220424,8,237
20220424,9,261
20220424,10,306
20220424,11,299
20220424,12,308
20220424,13,300
20220424,14,420
20220424,15,440
20220424,16,451
20220424,17,507
20220424,18,477
20220424,19,499
20220424,20,501
20220424,21,393
20220424,22,316
20220424,23,226
20220425,0,55
20220425,5,92
20220425,6,601
20220425,7,1266
20220425,8,1133
20220425,9,606
20220425,10,412
20220425,11,500
20220425,12,490
20220425,13,418
20220425,14,541
20220425,15,656
20220425,16,832
20220425,17,955
20220425,18,1151
20220425,19,585
20220425,20,491
20220425,21,439
20220425,22,427
20220425,23,302
20220426,0,73
20220426,1,0
20220426,5,65
20220426,6,524
20220426,7,1130
20220426,8,972
20220426,9,523
20220426,10,457
20220426,11,428
20220426,12,483
20220426,13,426
20220426,14,506
20220426,15,726
20220426,16,859
20220426,17,953
20220426,18,1185
20220426,19,601
20220426,20,581
20220426,21,537
20220426,22,522
20220426,23,354
20220427,0,90
20220427,5,70
20220427,6,525
20220427,7,1226
20220427,8,971
20220427,9,650
20220427,10,429
20220427,11,510
20220427,12,517
20220427,13,511
20220427,14,544
20220427,15,667
20220427,16,882
20220427,17,1034
20220427,18,1171
20220427,19,697
20220427,20,509
20220427,21,539
20220427,22,527
20220427,23,406
20220428,0,117
20220428,5,71
20220428,6,516
20220428,7,1205
20220428,8,1116
20220428,9,679
20220428,10,436
20220428,11,486
20220428,12,494
20220428,13,562
20220428,14,575
20220428,15,796
20220428,16,816
20220428,17,1059
20220428,18,1215
20220428,19,675
20220428,20,573
20220428,21,561
20220428,22,541
20220428,23,412
20220429,0,110
20220429,5,66
20220429,6,493
20220429,7,1044
20220429,8,941
20220429,9,610
20220429,10,471
20220429,11,509
20220429,12,571
20220429,13,622
20220429,14,783
20220429,15,1000
20220429,16,1104
20220429,17,1326
20220429,18,1319
20220429,19,912
20220429,20,677
20220429,21,526
20220429,22,516
20220429,23,398
20220430,0,146
20220430,5,48
20220430,6,198
20220430,7,319
20220430,8,474
20220430,9,516
20220430,10,523
20220430,11,564
20220430,12,512
20220430,13,518
20220430,14,544
20220430,15,603
20220430,16,611
20220430,17,616
20220430,18,534
20220430,19,496
20220430,20,511
20220430,21,438
20220430,22,423
20220430,23,368
20220501,0,89
20220501,5,38
20220501,6,99
20220501,7,193
20220501,8,288
20220501,9,292
20220501,10,367
20220501,11,403
20220501,12,346
20220501,13,379
20220501,14,498
20220501,15,537
20220501,16,576
20220501,17,535
20220501,18,563
20220501,19,571
20220501,20,514
20220501,21,428
20220501,22,356
20220501,23,296
20220502,0,73
20220502,5,76
20220502,6,657
20220502,7,1290
20220502,8,1064
20220502,9,612
20220502,10,404
20220502,11,466
20220502,12,490
20220502,13,529
20220502,14,509
20220502,15,701
20220502,16,833
20220502,17,918
20220502,18,1142
20220502,19,676
20220502,20,539
20220502,21,510
20220502,22,505
20220502,23,354
20220503,0,116
20220503,5,77
20220503,6,593
20220503,7,1241
20220503,8,1020
20220503,9,669
20220503,10,446
20220503,11,431
20220503,12,505
20220503,13,511
20220503,14,549
20220503,15,807
20220503,16,916
20220503,17,982
20220503,18,1185
20220503,19,625
20220503,20,580
20220503,21,586
20220503,22,631
20220503,23,426
20220504,0,107
20220504,5,70
20220504,6,553
20220504,7,1251
20220504,8,966
20220504,9,644
20220504,10,482
20220504,11,453
20220504,12,539
20220504,13,523
20220504,14,699
20220504,15,890
20220504,16,1052
20220504,17,1257
20220504,18,1366
20220504,19,1008
20220504,20,713
20220504,21,558
20220504,22,566
20220504,23,454
20220505,0,177
20220505,1,1
20220505,5,40
20220505,6,178
20220505,7,244
20220505,8,333
20220505,9,466
20220505,10,461
20220505,11,504
20220505,12,472
20220505,13,479
20220505,14,532
20220505,15,501
20220505,16,553
20220505,17,546
20220505,18,479
20220505,19,439
20220505,20,443
20220505,21,421
20220505,22,359
20220505,23,277
20220506,0,68
20220506,5,66
20220506,6,423
20220506,7,892
20220506,8,835
20220506,9,591
20220506,10,549
20220506,11,474
20220506,12,553
20220506,13,578
20220506,14,719
20220506,15,832
20220506,16,999
20220506,17,1257
20220506,18,1237
20220506,19,802
20220506,20,630
20220506,21,569
20220506,22,572
20220506,23,348
20220507,0,108
20220507,5,58
20220507,6,180
20220507,7,305
20220507,8,408
20220507,9,453
20220507,10,462
20220507,11,490
20220507,12,445
20220507,13,483
20220507,14,604
20220507,15,609
20220507,16,541
20220507,17,549
20220507,18,446
20220507,19,386
20220507,20,500
20220507,21,492
20220507,22,384
20220507,23,338
20220508,0,80
20220508,5,31
20220508,6,79
20220508,7,172
20220508,8,230
20220508,9,310
20220508,10,350
20220508,11,405
20220508,12,368
20220508,13,378
20220508,14,497
20220508,15,506
20220508,16,523
20220508,17,548
20220508,18,576
20220508,19,552
20220508,20,540
20220508,21,441
20220508,22,317
20220508,23,303
20220509,0,54
20220509,5,87
20220509,6,603
20220509,7,1372
20220509,8,1071
20220509,9,650
20220509,10,497
20220509,11,483
20220509,12,534
20220509,13,471
20220509,14,490
20220509,15,712
20220509,16,877
20220509,17,1006
20220509,18,1220
20220509,19,685
20220509,20,585
20220509,21,532
20220509,22,487
20220509,23,327
20220510,0,93
20220510,5,83
20220510,6,547
20220510,7,1248
20220510,8,1074
20220510,9,666
20220510,10,450
20220510,11,432
20220510,12,457
20220510,13,441
20220510,14,547
20220510,15,766
20220510,16,888
20220510,17,1045
20220510,18,1257
20220510,19,703
20220510,20,570
20220510,21,563
20220510,22,570
20220510,23,409
20220511,0,101
20220511,1,0
20220511,5,84
20220511,6,550
20220511,7,1203
20220511,8,1017
20220511,9,661
20220511,10,462
20220511,11,487
20220511,12,489
20220511,13,541
20220511,14,546
20220511,15,765
20220511,16,928
20220511,17,1122
20220511,18,1308
20220511,19,675
20220511,20,519
20220511,21,545
20220511,22,555
20220511,23,380
20220512,0,106
20220512,5,77
20220512,6,560
20220512,7,1261
20220512,8,1086
20220512,9,689
20220512,10,505
20220512,11,489
20220512,12,470
20220512,13,471
20220512,14,582
20220512,15,780
20220512,16,942
20220512,17,1054
20220512,18,1217
20220512,19,732
20220512,20,635
20220512,21,580
20220512,22,582
20220512,23,460
20220513,0,129
20220513,5,83
20220513,6,503
20220513,7,1219
20220513,8,981
20220513,9,651
20220513,10,441
20220513,11,492
20220513,12,532
20220513,13,508
20220513,14,673
20220513,15,950
20220513,16,1116
20220513,17,1304
20220513,18,1429
20220513,19,877
20220513,20,621
20220513,21,587
20220513,22,594
20220513,23,460
20220514,0,139
20220514,5,67
20220514,6,215
20220514,7,344
20220514,8,502
20220514,9,517
20220514,10,580
20220514,11,579
20220514,12,515
20220514,13,559
20220514,14,564
20220514,15,663
20220514,16,655
20220514,17,641
20220514,18,560
20220514,19,533
20220514,20,541
20220514,21,622
20220514,22,401
20220514,23,366
20220515,0,94
20220515,1,0
20220515,5,35
20220515,6,101
20220515,7,200
20220515,8,281
20220515,9,363
20220515,10,371
20220515,11,403
20220515,12,440
20220515,13,427
20220515,14,521
20220515,15,550
20220515,16,609
20220515,17,599
20220515,18,535
20220515,19,512
20220515,20,638
20220515,21,392
20220515,22,362
20220515,23,278
20220516,0,65
20220516,5,90
20220516,6,650
20220516,7,1310
20220516,8,1029
20220516,9,670
20220516,10,455
20220516,11,482
20220516,12,482
20220516,13,441
20220516,14,491
20220516,15,687
20220516,16,840
20220516,17,1027
20220516,18,1245
20220516,19,702
20220516,20,512
20220516,21,507
20220516,22,504
20220516,23,339
20220517,0,112
20220517,5,77
20220517,6,568
20220517,7,1290
20220517,8,1052
20220517,9,713
20220517,10,408
20220517,11,535
20220517,12,457
20220517,13,504
20220517,14,456
20220517,15,776
20220517,16,889
20220517,17,1082
20220517,18,1193
20220517,19,689
20220517,20,568
20220517,21,581
20220517,22,580
20220517,23,403
20220518,0,111
20220518,5,68
20220518,6,563
20220518,7,1267
20220518,8,1064
20220518,9,674
20220518,10,468
20220518,11,547
20220518,12,482
20220518,13,537
20220518,14,569
20220518,15,810
20220518,16,869
20220518,17,1011
20220518,18,1219
20220518,19,671
20220518,20,575
20220518,21,628
20220518,22,652
20220518,23,447
20220519,0,116
20220519,5,69
20220519,6,575
20220519,7,1234
20220519,8,1048
20220519,9,719
20220519,10,463
20220519,11,482
20220519,12,479
20220519,13,502
20220519,14,523
20220519,15,773
20220519,16,906
20220519,17,1075
20220519,18,1267
20220519,19,746
20220519,20,603
20220519,21,610
20220519,22,607
20220519,23,486
20220520,0,126
20220520,5,87
20220520,6,503
20220520,7,1160
20220520,8,1046
20220520,9,708
20220520,10,514
20220520,11,570
20220520,12,552
20220520,13,608
20220520,14,748
20220520,15,1004
20220520,16,1085
20220520,17,1273
20220520,18,1427
20220520,19,947
20220520,20,677
20220520,21,613
20220520,22,560
20220520,23,455
20220521,0,127
20220521,5,71
20220521,6,229
20220521,7,318
20220521,8,504
20220521,9,521
20220521,10,547
20220521,11,619
20220521,12,562
20220521,13,607
20220521,14,608
20220521,15,654
20220521,16,655
20220521,17,588
20220521,18,607
20220521,19,459
20220521,20,466
20220521,21,536
20220521,22,465
20220521,23,403
20220522,0,111
20220522,5,31
20220522,6,105
20220522,7,189
20220522,8,276
20220522,9,332
20220522,10,401
20220522,11,426
20220522,12,358
20220522,13,422
20220522,14,585
20220522,15,577
20220522,16,586
20220522,17,564
20220522,18,522
20220522,19,557
20220522,20,546
20220522,21,457
20220522,22,351
20220522,23,341
20220523,0,59
20220523,5,102
20220523,6,655
20220523,7,1354
20220523,8,1046
20220523,9,611
20220523,10,459
20220523,11,443
20220523,12,471
20220523,13,428
20220523,14,472
20220523,15,667
20220523,16,826
20220523,17,1041
20220523,18,1215
20220523,19,718
20220523,20,585
20220523,21,546
20220523,22,512
20220523,23,347
20220524,0,96
20220524,5,78
20220524,6,570
20220524,7,1271
20220524,8,1045
20220524,9,599
20220524,10,416
20220524,11,486
20220524,12,453
20220524,13,500
20220524,14,505
20220524,15,693
20220524,16,866
20220524,17,970
20220524,18,1236
20220524,19,658
20220524,20,585
20220524,21,595
20220524,22,509
20220524,23,426
20220525,0,105
20220525,1,0
20220525,5,76
20220525,6,540
20220525,7,1319
20220525,8,1104
20220525,9,716
20220525,10,445
20220525,11,514
20220525,12,488
20220525,13,462
20220525,14,547
20220525,15,722
20220525,16,852
20220525,17,1045
20220525,18,1258
20220525,19,675
20220525,20,617
20220525,21,629
20220525,22,577
20220525,23,449
20220526,0,103
20220526,5,84
20220526,6,567
20220526,7,1254
20220526,8,1094
20220526,9,700
20220526,10,500
20220526,11,473
20220526,12,545
20220526,13,487
20220526,14,599
20220526,15,750
20220526,16,871
20220526,17,1133
20220526,18,1202
20220526,19,700
20220526,20,642
20220526,21,639
20220526,22,585
20220526,23,506
20220527,0,119
20220527,5,83
20220527,6,549
20220527,7,1216
20220527,8,1019
20220527,9,635
20220527,10,492
20220527,11,499
20220527,12,490
20220527,13,560
20220527,14,749
20220527,15,951
20220527,16,1148
20220527,17,1281
20220527,18,1381
20220527,19,896
20220527,20,653
20220527,21,590
20220527,22,545
20220527,23,474
20220528,0,139
20220528,1,0
20220528,5,57
20220528,6,235
20220528,7,337
20220528,8,454
20220528,9,512
20220528,10,553
20220528,11,613
20220528,12,485
20220528,13,542
20220528,14,624
20220528,15,596
20220528,16,650
20220528,17,613
20220528,18,526
20220528,19,478
20220528,20,475
20220528,21,442
20220528,22,418
20220528,23,397
20220529,0,85
20220529,5,39
20220529,6,120
20220529,7,180
20220529,8,282
20220529,9,330
20220529,10,372
20220529,11,395
20220529,12,382
20220529,13,453
20220529,14,456
20220529,15,486
20220529,16,577
20220529,17,512
20220529,18,459
20220529,19,491
20220529,20,571
20220529,21,451
20220529,22,324
20220529,23,288
20220530,0,54
20220530,5,91
20220530,6,641
20220530,7,1339
20220530,8,1093
20220530,9,663
20220530,10,450
20220530,11,509
20220530,12,493
20220530,13,511
20220530,14,528
20220530,15,674
20220530,16,825
20220530,17,1037
20220530,18,1196
20220530,19,663
20220530,20,504
20220530,21,539
20220530,22,490
20220530,23,375
20220602,0,61
20220602,5,101
20220602,6,640
20220602,7,1295
20220602,8,1020
20220602,9,726
20220602,10,429
20220602,11,471
20220602,12,488
20220602,13,482
20220602,14,587
20220602,15,771
20220602,16,815
20220602,17,1026
20220602,18,1083
20220602,19,692
20220602,20,646
20220602,21,518
20220602,22,575
20220602,23,418
20220603,0,111
20220603,5,82
20220603,6,524
20220603,7,1158
20220603,8,932
20220603,9,577
20220603,10,498
20220603,11,489
20220603,12,536
20220603,13,523
20220603,14,749
20220603,15,932
20220603,16,1072
20220603,17,1310
20220603,18,1425
20220603,19,913
20220603,20,714
20220603,21,545
20220603,22,560
20220603,23,414
20220604,0,106
20220604,5,67
20220604,6,250
20220604,7,332
20220604,8,437
20220604,9,489
20220604,10,530
20220604,11,542
20220604,12,505
20220604,13,501
20220604,14,592
20220604,15,556
20220604,16,556
20220604,17,563
20220604,18,487
20220604,19,459
20220604,20,453
20220604,21,488
20220604,22,410
20220604,23,332
