YMD_ID,HH_ID,GETOFF_CNT
20201219,0,60
20201219,5,4
20201219,6,76
20201219,7,141
20201219,8,237
20201219,9,244
20201219,10,242
20201219,11,246
20201219,12,252
20201219,13,270
20201219,14,311
20201219,15,275
20201219,16,323
20201219,17,329
20201219,18,314
20201219,19,223
20201219,20,173
20201219,21,245
20201219,22,209
20201219,23,105
20211010,0,86
20211010,5,0
20211010,6,49
20211010,7,98
20211010,8,199
20211010,9,223
20211010,10,247
20211010,11,282
20211010,12,252
20211010,13,352
20211010,14,328
20211010,15,373
20211010,16,369
20211010,17,377
20211010,18,459
20211010,19,327
20211010,20,252
20211010,21,238
20211010,22,307
20211010,23,220
20211011,0,77
20211011,5,1
20211011,6,92
20211011,7,157
20211011,8,233
20211011,9,253
20211011,10,254
20211011,11,277
20211011,12,287
20211011,13,342
20211011,14,384
20211011,15,477
20211011,16,495
20211011,17,444
20211011,18,515
20211011,19,455
20211011,20,406
20211011,21,360
20211011,22,331
20211011,23,237
20211012,0,97
20211012,5,1
20211012,6,281
20211012,7,774
20211012,8,1202
20211012,9,602
20211012,10,360
20211012,11,277
20211012,12,356
20211012,13,359
20211012,14,416
20211012,15,455
20211012,16,620
20211012,17,734
20211012,18,940
20211012,19,695
20211012,20,461
20211012,21,424
20211012,22,482
20211012,23,306
20211013,0,99
20211013,1,8
20211013,5,1
20211013,6,206
20211013,7,692
20211013,8,1160
20211013,9,640
20211013,10,333
20211013,11,335
20211013,12,409
20211013,13,420
20211013,14,395
20211013,15,478
20211013,16,676
20211013,17,736
20211013,18,1059
20211013,19,822
20211013,20,483
20211013,21,453
20211013,22,451
20211013,23,361
20211014,0,128
20211014,1,7
20211014,5,3
20211014,6,190
20211014,7,783
20211014,8,1089
20211014,9,617
20211014,10,387
20211014,11,368
20211014,12,418
20211014,13,398
20211014,14,374
20211014,15,457
20211014,16,602
20211014,17,662
20211014,18,1037
20211014,19,774
20211014,20,484
20211014,21,479
20211014,22,522
20211014,23,359
20211015,0,130
20211015,1,7
20211015,5,2
20211015,6,225
20211015,7,632
20211015,8,1149
20211015,9,634
20211015,10,352
20211015,11,366
20211015,12,417
20211015,13,406
20211015,14,469
20211015,15,647
20211015,16,800
20211015,17,880
20211015,18,1127
20211015,19,951
20211015,20,637
20211015,21,413
20211015,22,458
20211015,23,319
20211016,0,108
20211016,1,13
20211016,5,2
20211016,6,105
20211016,7,213
20211016,8,322
20211016,9,408
20211016,10,348
20211016,11,340
20211016,12,447
20211016,13,376
20211016,14,419
20211016,15,386
20211016,16,475
20211016,17,429
20211016,18,501
20211016,19,283
20211016,20,273
20211016,21,299
20211016,22,321
20211016,23,279
20211017,0,99
20211017,5,0
20211017,6,52
20211017,7,83
20211017,8,165
20211017,9,228
20211017,10,226
20211017,11,268
20211017,12,276
20211017,13,266
20211017,14,349
20211017,15,330
20211017,16,386
20211017,17,370
20211017,18,423
20211017,19,424
20211017,20,366
20211017,21,328
20211017,22,290
20211017,23,217
20211018,0,61
20211018,1,4
20211018,5,3
20211018,6,224
20211018,7,859
20211018,8,1158
20211018,9,571
20211018,10,343
20211018,11,377
20211018,12,356
20211018,13,385
20211018,14,376
20211018,15,506
20211018,16,584
20211018,17,668
20211018,18,997
20211018,19,793
20211018,20,470
20211018,21,418
20211018,22,390
20211018,23,308
20211019,0,123
20211019,5,5
20211019,6,188
20211019,7,782
20211019,8,1175
20211019,9,586
20211019,10,380
20211019,11,369
20211019,12,352
20211019,13,400
20211019,14,437
20211019,15,498
20211019,16,679
20211019,17,696
20211019,18,968
20211019,19,706
20211019,20,437
20211019,21,397
20211019,22,449
20211019,23,319
20211020,0,128
20211020,5,1
20211020,6,218
20211020,7,753
20211020,8,1278
20211020,9,633
20211020,10,377
20211020,11,349
20211020,12,397
20211020,13,420
20211020,14,467
20211020,15,502
20211020,16,691
20211020,17,683
20211020,18,1012
20211020,19,844
20211020,20,471
20211020,21,454
20211020,22,454
20211020,23,341
20211021,0,184
20211021,5,3
20211021,6,204
20211021,7,710
20211021,8,1141
20211021,9,619
20211021,10,392
20211021,11,326
20211021,12,383
20211021,13,493
20211021,14,412
20211021,15,520
20211021,16,695
20211021,17,771
20211021,18,1055
20211021,19,743
20211021,20,524
20211021,21,452
20211021,22,509
20211021,23,354
20211022,0,184
20211022,5,1
20211022,6,178
20211022,7,720
20211022,8,1168
20211022,9,605
20211022,10,390
20211022,11,401
20211022,12,449
20211022,13,499
20211022,14,529
20211022,15,733
20211022,16,937
20211022,17,930
20211022,18,1170
20211022,19,1065
20211022,20,576
20211022,21,478
20211022,22,421
20211022,23,340
20211023,0,164
20211023,5,4
20211023,6,111
20211023,7,200
20211023,8,336
20211023,9,393
20211023,10,398
20211023,11,390
20211023,12,468
20211023,13,399
20211023,14,464
20211023,15,426
20211023,16,452
20211023,17,484
20211023,18,480
20211023,19,347
20211023,20,323
20211023,21,335
20211023,22,273
20211023,23,260
20211024,0,137
20211024,1,10
20211024,5,3
20211024,6,52
20211024,7,98
20211024,8,209
20211024,9,244
20211024,10,249
20211024,11,259
20211024,12,298
20211024,13,358
20211024,14,343
20211024,15,368
20211024,16,483
20211024,17,373
20211024,18,425
20211024,19,470
20211024,20,382
20211024,21,408
20211024,22,303
20211024,23,256
20211025,0,90
20211025,1,9
20211025,5,1
20211025,6,281
20211025,7,797
20211025,8,1182
20211025,9,639
20211025,10,382
20211025,11,362
20211025,12,352
20211025,13,407
20211025,14,473
20211025,15,471
20211025,16,617
20211025,17,678
20211025,18,1002
20211025,19,812
20211025,20,511
20211025,21,391
20211025,22,475
20211025,23,291
20211026,0,137
20211026,5,1
20211026,6,196
20211026,7,759
20211026,8,1231
20211026,9,595
20211026,10,353
20211026,11,390
20211026,12,374
20211026,13,446
20211026,14,411
20211026,15,515
20211026,16,719
20211026,17,713
20211026,18,1126
20211026,19,775
20211026,20,541
20211026,21,462
20211026,22,467
20211026,23,329
20211027,0,169
20211027,5,5
20211027,6,213
20211027,7,741
20211027,8,1243
20211027,9,635
20211027,10,396
20211027,11,354
20211027,12,424
20211027,13,425
20211027,14,460
20211027,15,579
20211027,16,657
20211027,17,799
20211027,18,1164
20211027,19,841
20211027,20,531
20211027,21,487
20211027,22,487
20211027,23,343
20211028,0,208
20211028,5,6
20211028,6,196
20211028,7,772
20211028,8,1196
20211028,9,700
20211028,10,416
20211028,11,364
20211028,12,439
20211028,13,452
20211028,14,463
20211028,15,597
20211028,16,667
20211028,17,880
20211028,18,1151
20211028,19,851
20211028,20,547
20211028,21,468
20211028,22,477
20211028,23,359
20211029,0,196
20211029,5,6
20211029,6,223
20211029,7,702
20211029,8,1101
20211029,9,599
20211029,10,410
20211029,11,432
20211029,12,438
20211029,13,431
20211029,14,527
20211029,15,710
20211029,16,879
20211029,17,951
20211029,18,1211
20211029,19,1033
20211029,20,657
20211029,21,511
20211029,22,460
20211029,23,377
20211030,0,207
20211030,5,1
20211030,6,149
20211030,7,238
20211030,8,359
20211030,9,395
20211030,10,460
20211030,11,328
20211030,12,540
20211030,13,462
20211030,14,437
20211030,15,516
20211030,16,510
20211030,17,510
20211030,18,494
20211030,19,304
20211030,20,326
20211030,21,348
20211030,22,351
20211030,23,292
20211031,0,169
20211031,5,0
20211031,6,64
20211031,7,85
20211031,8,170
20211031,9,247
20211031,10,259
20211031,11,297
20211031,12,304
20211031,13,376
20211031,14,386
20211031,15,452
20211031,16,445
20211031,17,464
20211031,18,472
20211031,19,449
20211031,20,419
20211031,21,389
20211031,22,345
20211031,23,267
20211101,0,113
20211101,5,3
20211101,6,252
20211101,7,908
20211101,8,1322
20211101,9,619
20211101,10,367
20211101,11,363
20211101,12,381
20211101,13,389
20211101,14,422
20211101,15,472
20211101,16,701
20211101,17,752
20211101,18,1121
20211101,19,821
20211101,20,495
20211101,21,481
20211101,22,428
20211101,23,305
20211102,0,161
20211102,5,1
20211102,6,242
20211102,7,778
20211102,8,1322
20211102,9,634
20211102,10,352
20211102,11,379
20211102,12,394
20211102,13,403
20211102,14,448
20211102,15,500
20211102,16,657
20211102,17,764
20211102,18,1117
20211102,19,827
20211102,20,517
20211102,21,471
20211102,22,484
20211102,23,345
20211103,0,164
20211103,5,0
20211103,6,223
20211103,7,814
20211103,8,1208
20211103,9,616
20211103,10,399
20211103,11,367
20211103,12,411
20211103,13,399
20211103,14,424
20211103,15,546
20211103,16,743
20211103,17,807
20211103,18,1222
20211103,19,843
20211103,20,496
20211103,21,487
20211103,22,503
20211103,23,358
20211104,0,175
20211104,1,13
20211104,5,3
20211104,6,206
20211104,7,826
20211104,8,1242
20211104,9,621
20211104,10,471
20211104,11,353
20211104,12,425
20211104,13,498
20211104,14,483
20211104,15,591
20211104,16,679
20211104,17,778
20211104,18,1174
20211104,19,855
20211104,20,523
20211104,21,494
20211104,22,460
20211104,23,430
20211105,0,198
20211105,5,1
20211105,6,216
20211105,7,738
20211105,8,1241
20211105,9,673
20211105,10,449
20211105,11,405
20211105,12,477
20211105,13,446
20211105,14,546
20211105,15,663
20211105,16,892
20211105,17,1027
20211105,18,1309
20211105,19,1071
20211105,20,647
20211105,21,507
20211105,22,475
20211105,23,409
20211106,0,198
20211106,1,17
20211106,5,3
20211106,6,126
20211106,7,225
20211106,8,346
20211106,9,421
20211106,10,442
20211106,11,426
20211106,12,414
20211106,13,486
20211106,14,505
20211106,15,535
20211106,16,532
20211106,17,561
20211106,18,552
20211106,19,373
20211106,20,351
20211106,21,367
20211106,22,345
20211106,23,294
20211107,0,179
20211107,5,0
20211107,6,50
20211107,7,100
20211107,8,222
20211107,9,272
20211107,10,233
20211107,11,277
20211107,12,306
20211107,13,335
20211107,14,373
20211107,15,428
20211107,16,442
20211107,17,472
20211107,18,489
20211107,19,457
20211107,20,449
20211107,21,428
20211107,22,303
20211107,23,293
20211108,0,103
20211108,5,3
20211108,6,232
20211108,7,883
20211108,8,1258
20211108,9,646
20211108,10,367
20211108,11,306
20211108,12,382
20211108,13,324
20211108,14,368
20211108,15,476
20211108,16,576
20211108,17,717
20211108,18,1065
20211108,19,737
20211108,20,439
20211108,21,415
20211108,22,370
20211108,23,279
20211109,0,150
20211109,5,2
20211109,6,238
20211109,7,763
20211109,8,1263
20211109,9,670
20211109,10,387
20211109,11,335
20211109,12,401
20211109,13,409
20211109,14,428
20211109,15,498
20211109,16,748
20211109,17,723
20211109,18,1037
20211109,19,794
20211109,20,496
20211109,21,418
20211109,22,471
20211109,23,319
20211110,0,187
20211110,5,2
20211110,6,255
20211110,7,760
20211110,8,1225
20211110,9,639
20211110,10,388
20211110,11,329
20211110,12,404
20211110,13,370
20211110,14,363
20211110,15,564
20211110,16,698
20211110,17,768
20211110,18,1068
20211110,19,886
20211110,20,493
20211110,21,488
20211110,22,456
20211110,23,338
20211111,0,195
20211111,5,2
20211111,6,242
20211111,7,755
20211111,8,1257
20211111,9,618
20211111,10,385
20211111,11,378
20211111,12,418
20211111,13,359
20211111,14,495
20211111,15,588
20211111,16,720
20211111,17,775
20211111,18,1098
20211111,19,921
20211111,20,516
20211111,21,479
20211111,22,542
20211111,23,375
20211112,0,181
20211112,5,2
20211112,6,199
20211112,7,743
20211112,8,1163
20211112,9,673
20211112,10,390
20211112,11,469
20211112,12,476
20211112,13,444
20211112,14,551
20211112,15,660
20211112,16,861
20211112,17,957
20211112,18,1305
20211112,19,1042
20211112,20,620
20211112,21,496
20211112,22,446
20211112,23,402
20211113,0,196
20211113,5,3
20211113,6,137
20211113,7,267
20211113,8,368
20211113,9,414
20211113,10,424
20211113,11,435
20211113,12,429
20211113,13,423
20211113,14,502
20211113,15,483
20211113,16,456
20211113,17,519
20211113,18,494
20211113,19,370
20211113,20,325
20211113,21,332
20211113,22,319
20211113,23,301
20211114,0,181
20211114,5,2
20211114,6,64
20211114,7,93
20211114,8,178
20211114,9,220
20211114,10,272
20211114,11,296
20211114,12,283
20211114,13,286
20211114,14,373
20211114,15,431
20211114,16,407
20211114,17,463
20211114,18,435
20211114,19,473
20211114,20,409
20211114,21,438
20211114,22,280
20211114,23,275
20211115,0,113
20211115,5,0
20211115,6,300
20211115,7,820
20211115,8,1278
20211115,9,704
20211115,10,424
20211115,11,376
20211115,12,440
20211115,13,452
20211115,14,497
20211115,15,494
20211115,16,697
20211115,17,775
20211115,18,1069
20211115,19,817
20211115,20,453
20211115,21,467
20211115,22,415
20211115,23,368
20211116,0,128
20211116,5,1
20211116,6,270
20211116,7,753
20211116,8,1303
20211116,9,639
20211116,10,451
20211116,11,380
20211116,12,422
20211116,13,461
20211116,14,475
20211116,15,602
20211116,16,752
20211116,17,752
20211116,18,1127
20211116,19,798
20211116,20,493
20211116,21,457
20211116,22,460
20211116,23,358
20211117,0,186
20211117,5,3
20211117,6,244
20211117,7,769
20211117,8,1259
20211117,9,717
20211117,10,511
20211117,11,420
20211117,12,456
20211117,13,513
20211117,14,473
20211117,15,569
20211117,16,756
20211117,17,843
20211117,18,1193
20211117,19,839
20211117,20,563
20211117,21,458
20211117,22,495
20211117,23,384
20211118,0,210
20211118,5,7
20211118,6,215
20211118,7,630
20211118,8,995
20211118,9,1088
20211118,10,469
20211118,11,444
20211118,12,456
20211118,13,461
20211118,14,495
20211118,15,577
20211118,16,737
20211118,17,835
20211118,18,1232
20211118,19,847
20211118,20,549
20211118,21,518
20211118,22,486
20211118,23,415
20211119,0,182
20211119,1,22
20211119,5,5
20211119,6,223
20211119,7,708
20211119,8,1196
20211119,9,685
20211119,10,459
20211119,11,420
20211119,12,496
20211119,13,509
20211119,14,660
20211119,15,736
20211119,16,893
20211119,17,1023
20211119,18,1255
20211119,19,1124
20211119,20,699
20211119,21,555
20211119,22,495
20211119,23,462
20211120,0,176
20211120,1,25
20211120,5,2
20211120,6,129
20211120,7,258
20211120,8,362
20211120,9,397
20211120,10,449
20211120,11,464
20211120,12,498
20211120,13,419
20211120,14,507
20211120,15,478
20211120,16,521
20211120,17,559
20211120,18,550
20211120,19,396
20211120,20,356
20211120,21,339
20211120,22,353
20211120,23,305
20211121,0,175
20211121,5,1
20211121,6,69
20211121,7,98
20211121,8,201
20211121,9,249
20211121,10,271
20211121,11,333
20211121,12,303
20211121,13,330
20211121,14,404
20211121,15,466
20211121,16,500
20211121,17,452
20211121,18,449
20211121,19,424
20211121,20,424
20211121,21,449
20211121,22,304
20211121,23,279
20211122,0,127
20211122,5,1
20211122,6,289
20211122,7,852
20211122,8,1261
20211122,9,672
20211122,10,417
20211122,11,376
20211122,12,400
20211122,13,452
20211122,14,440
20211122,15,494
20211122,16,659
20211122,17,738
20211122,18,1032
20211122,19,724
20211122,20,494
20211122,21,441
20211122,22,450
20211122,23,348
20211123,0,159
20211123,5,6
20211123,6,250
20211123,7,739
20211123,8,1366
20211123,9,638
20211123,10,396
20211123,11,373
20211123,12,415
20211123,13,461
20211123,14,483
20211123,15,502
20211123,16,707
20211123,17,775
20211123,18,1063
20211123,19,766
20211123,20,452
20211123,21,458
20211123,22,500
20211123,23,351
20211124,0,98
20211125,0,167
20211125,1,18
20211125,5,5
20211125,6,243
20211125,7,778
20211125,8,1298
20211125,9,685
20211125,10,469
20211125,11,443
20211125,12,457
20211125,13,520
20211125,14,444
20211125,15,561
20211125,16,769
20211125,17,847
20211125,18,1139
20211125,19,862
20211125,20,620
20211125,21,515
20211125,22,527
20211125,23,432
20211126,0,169
20211126,5,5
20211126,6,181
20211126,7,723
20211126,8,1211
20211126,9,650
20211126,10,458
20211126,11,495
20211126,12,463
20211126,13,416
20211126,14,639
20211126,15,694
20211126,16,957
20211126,17,965
20211126,18,1295
20211126,19,1076
20211126,20,662
20211126,21,503
20211126,22,488
20211126,23,380
20211127,0,197
20211127,1,25
20211127,5,3
20211127,6,139
20211127,7,207
20211127,8,344
20211127,9,415
20211127,10,461
20211127,11,425
20211127,12,471
20211127,13,407
20211127,14,491
20211127,15,485
20211127,16,501
20211127,17,507
20211127,18,489
20211127,19,343
20211127,20,357
20211127,21,321
20211127,22,338
20211127,23,326
20211128,0,178
20211128,5,3
20211128,6,51
20211128,7,84
20211128,8,184
20211128,9,254
20211128,10,254
20211128,11,357
20211128,12,280
20211128,13,301
20211128,14,414
20211128,15,398
20211128,16,458
20211128,17,516
20211128,18,446
20211128,19,454
20211128,20,438
20211128,21,434
20211128,22,293
20211128,23,295
20211129,0,116
20211129,5,3
20211129,6,301
20211129,7,835
20211129,8,1321
20211129,9,706
20211129,10,410
20211129,11,395
20211129,12,421
20211129,13,430
20211129,14,504
20211129,15,546
20211129,16,687
20211129,17,763
20211129,18,1032
20211129,19,813
20211129,20,524
20211129,21,447
20211129,22,467
20211129,23,350
20211202,0,161
20211202,5,0
20211202,6,235
20211202,7,708
20211202,8,1243
20211202,9,612
20211202,10,434
20211202,11,351
20211202,12,468
20211202,13,430
20211202,14,458
20211202,15,511
20211202,16,731
20211202,17,778
20211202,18,1076
20211202,19,836
20211202,20,546
20211202,21,467
20211202,22,459
20211202,23,374
20211203,0,165
20211203,1,12
20211203,5,4
20211203,6,184
20211203,7,706
20211203,8,1214
20211203,9,628
20211203,10,387
20211203,11,454
20211203,12,541
20211203,13,529
20211203,14,591
20211203,15,682
20211203,16,862
20211203,17,997
20211203,18,1198
20211203,19,1072
20211203,20,638
20211203,21,427
20211203,22,441
20211203,23,369
20211204,0,190
20211204,5,4
20211204,6,115
20211204,7,165
20211204,8,354
20211204,9,333
20211204,10,450
20211204,11,479
20211204,12,418
20211204,13,373
20211204,14,401
20211204,15,440
20211204,16,468
20211204,17,514
20211204,18,418
20211204,19,299
20211204,20,324
20211204,21,316
20211204,22,310
20211204,23,295
20211205,0,157
20211205,5,1
20211205,6,47
20211205,7,87
20211205,8,196
20211205,9,222
20211205,10,243
20211205,11,252
20211205,12,289
20211205,13,301
20211205,14,353
20211205,15,400
20211205,16,463
20211205,17,521
20211205,18,430
20211205,19,394
20211205,20,412
20211205,21,426
20211205,22,313
20211205,23,249
20211206,0,102
20211206,5,3
20211206,6,266
20211206,7,884
20211206,8,1272
20211206,9,596
20211206,10,395
20211206,11,377
20211206,12,412
20211206,13,426
20211206,14,447
20211206,15,547
20211206,16,649
20211206,17,732
20211206,18,1060
20211206,19,777
20211206,20,442
20211206,21,425
20211206,22,396
20211206,23,298
20211207,0,141
20211207,1,14
20211207,5,2
20211207,6,241
20211207,7,731
20211207,8,1197
20211207,9,641
20211207,10,420
20211207,11,376
20211207,12,425
20211207,13,440
20211207,14,478
20211207,15,601
20211207,16,733
20211207,17,779
20211207,18,1081
20211207,19,831
20211207,20,519
20211207,21,465
20211207,22,500
20211207,23,377
20211208,0,164
20211208,5,2
20211208,6,264
20211208,7,796
20211208,8,1168
20211208,9,594
20211208,10,417
20211208,11,367
20211208,12,464
20211208,13,472
20211208,14,450
20211208,15,550
20211208,16,713
20211208,17,813
20211208,18,1130
20211208,19,823
20211208,20,487
20211208,21,500
20211208,22,505
20211208,23,377
20211209,0,180
20211209,5,8
20211209,6,240
20211209,7,699
20211209,8,1235
20211209,9,706
20211209,10,434
20211209,11,391
20211209,12,422
20211209,13,419
20211209,14,493
20211209,15,558
20211209,16,735
20211209,17,737
20211209,18,1133
20211209,19,765
20211209,20,525
20211209,21,461
20211209,22,503
20211209,23,377
20211210,0,179
20211210,5,1
20211210,6,226
20211210,7,684
20211210,8,1205
20211210,9,645
20211210,10,412
20211210,11,408
20211210,12,422
20211210,13,449
20211210,14,518
20211210,15,674
20211210,16,886
20211210,17,1039
20211210,18,1204
20211210,19,995
20211210,20,666
20211210,21,520
20211210,22,413
20211210,23,367
20211211,0,198
20211211,5,7
20211211,6,128
20211211,7,189
20211211,8,329
20211211,9,353
20211211,10,390
20211211,11,428
20211211,12,410
20211211,13,352
20211211,14,453
20211211,15,500
20211211,16,448
20211211,17,526
20211211,18,542
20211211,19,321
20211211,20,295
20211211,21,341
20211211,22,307
20211211,23,286
20211212,0,141
20211212,1,16
20211212,5,1
20211212,6,55
20211212,7,90
20211212,8,159
20211212,9,202
20211212,10,212
20211212,11,276
20211212,12,256
20211212,13,304
20211212,14,332
20211212,15,370
20211212,16,424
20211212,17,408
20211212,18,428
20211212,19,372
20211212,20,396
20211212,21,416
20211212,22,304
20211212,23,236
20211214,0,148
20211214,5,4
20211214,6,224
20211214,7,751
20211214,8,1288
20211214,9,604
20211214,10,393
20211214,11,394
20211214,12,367
20211214,13,480
20211214,14,535
20211214,15,571
20211214,16,690
20211214,17,767
20211214,18,1028
20211214,19,791
20211214,20,515
20211214,21,434
20211214,22,443
20211214,23,340
20211215,0,153
20211215,1,14
20211215,5,6
20211215,6,219
20211215,7,731
20211215,8,1132
20211215,9,595
20211215,10,432
20211215,11,383
20211215,12,448
20211215,13,464
20211215,14,501
20211215,15,603
20211215,16,718
20211215,17,749
20211215,18,1067
20211215,19,813
20211215,20,453
20211215,21,474
20211215,22,444
20211215,23,362
20211216,0,184
20211216,1,15
20211216,5,2
20211216,6,221
20211216,7,672
20211216,8,1199
20211216,9,607
20211216,10,377
20211216,11,421
20211216,12,463
20211216,13,517
20211216,14,489
20211216,15,574
20211216,16,707
20211216,17,744
20211216,18,1053
20211216,19,814
20211216,20,529
20211216,21,434
20211216,22,485
20211216,23,376
20211217,0,245
20211217,5,11
20211217,6,186
20211217,7,703
20211217,8,1225
20211217,9,612
20211217,10,417
20211217,11,438
20211217,12,522
20211217,13,506
20211217,14,655
20211217,15,729
20211217,16,827
20211217,17,1064
20211217,18,1240
20211217,19,943
20211217,20,661
20211217,21,496
20211217,22,496
20211217,23,364
20211218,0,205
20211218,1,15
20211218,5,3
20211218,6,92
20211218,7,203
20211218,8,303
20211218,9,341
20211218,10,369
20211218,11,409
20211218,12,411
20211218,13,386
20211218,14,380
20211218,15,516
20211218,16,497
20211218,17,458
20211218,18,463
20211218,19,258
20211218,20,296
20211218,21,378
20211218,22,387
20211218,23,261
20211219,0,81
20211219,1,4
20211219,5,1
20211219,6,58
20211219,7,81
20211219,8,200
20211219,9,212
20211219,10,246
20211219,11,307
20211219,12,306
20211219,13,338
20211219,14,387
20211219,15,439
20211219,16,493
20211219,17,468
20211219,18,425
20211219,19,421
20211219,20,391
20211219,21,483
20211219,22,330
20211219,23,220
20211220,0,62
20211220,5,5
20211220,6,251
20211220,7,804
20211220,8,1231
20211220,9,589
20211220,10,393
20211220,11,407
20211220,12,467
20211220,13,384
20211220,14,513
20211220,15,563
20211220,16,655
20211220,17,745
20211220,18,1013
20211220,19,813
20211220,20,467
20211220,21,549
20211220,22,484
20211220,23,233
20211221,0,89
20211221,5,2
20211221,6,209
20211221,7,702
20211221,8,1215
20211221,9,585
20211221,10,434
20211221,11,378
20211221,12,453
20211221,13,493
20211221,14,510
20211221,15,585
20211221,16,734
20211221,17,759
20211221,18,1075
20211221,19,747
20211221,20,487
20211221,21,613
20211221,22,528
20211221,23,291
20211222,0,86
20211222,5,3
20211222,6,234
20211222,7,708
20211222,8,1250
20211222,9,655
20211222,10,474
20211222,11,467
20211222,12,454
20211222,13,482
20211222,14,585
20211222,15,680
20211222,16,720
20211222,17,799
20211222,18,1086
20211222,19,836
20211222,20,530
20211222,21,660
20211222,22,552
20211222,23,243
20211223,0,87
20211223,1,9
20211223,5,9
20211223,6,219
20211223,7,702
20211223,8,1195
20211223,9,618
20211223,10,377
20211223,11,434
20211223,12,441
20211223,13,454
20211223,14,497
20211223,15,631
20211223,16,695
20211223,17,818
20211223,18,1119
20211223,19,837
20211223,20,567
20211223,21,619
20211223,22,573
20211223,23,270
20211224,0,107
20211224,5,7
20211224,6,195
20211224,7,609
20211224,8,1083
20211224,9,622
20211224,10,435
20211224,11,387
20211224,12,467
20211224,13,493
20211224,14,629
20211224,15,733
20211224,16,883
20211224,17,1072
20211224,18,1149
20211224,19,853
20211224,20,532
20211224,21,501
20211224,22,441
20211224,23,225
20211225,0,88
20211225,5,5
20211225,6,64
20211225,7,116
20211225,8,233
20211225,9,282
20211225,10,328
20211225,11,409
20211225,12,437
20211225,13,392
20211225,14,452
20211225,15,486
20211225,16,415
20211225,17,433
20211225,18,387
20211225,19,317
20211225,20,296
20211225,21,393
20211225,22,371
20211225,23,224
20211226,0,83
20211226,5,1
20211226,6,40
20211226,7,62
20211226,8,148
20211226,9,153
20211226,10,219
20211226,11,242
20211226,12,257
20211226,13,315
20211226,14,336
20211226,15,434
20211226,16,451
20211226,17,392
20211226,18,356
20211226,19,412
20211226,20,336
20211226,21,366
20211226,22,322
20211226,23,180
20211227,0,63
20211227,5,0
20211227,6,227
20211227,7,733
20211227,8,1149
20211227,9,514
20211227,10,334
20211227,11,376
20211227,12,397
20211227,13,391
20211227,14,420
20211227,15,487
20211227,16,658
20211227,17,774
20211227,18,1006
20211227,19,701
20211227,20,482
20211227,21,598
20211227,22,485
20211227,23,245
20211228,0,87
20211228,5,6
20211228,6,229
20211228,7,604
20211228,8,1214
20211228,9,582
20211228,10,406
20211228,11,348
20211228,12,419
20211228,13,425
20211228,14,474
20211228,15,489
20211228,16,759
20211228,17,729
20211228,18,1081
20211228,19,680
20211228,20,556
20211228,21,637
20211228,22,596
20211228,23,274
20211229,0,67
20211229,1,6
20211229,5,9
20211229,6,225
20211229,7,637
20211229,8,1121
20211229,9,570
20211229,10,374
20211229,11,347
20211229,12,410
20211229,13,402
20211229,14,509
20211229,15,560
20211229,16,704
20211229,17,764
20211229,18,1121
20211229,19,709
20211229,20,501
20211229,21,678
20211229,22,522
20211229,23,271
20211230,0,85
20211230,5,5
20211230,6,223
20211230,7,627
20211230,8,1114
20211230,9,534
20211230,10,378
20211230,11,396
20211230,12,444
20211230,13,411
20211230,14,504
20211230,15,586
20211230,16,769
20211230,17,847
20211230,18,1194
20211230,19,695
20211230,20,544
20211230,21,634
20211230,22,570
20211230,23,268
20211231,0,88
20211231,5,1
20211231,6,200
20211231,7,520
20211231,8,1092
20211231,9,449
20211231,10,381
20211231,11,411
20211231,12,441
20211231,13,469
20211231,14,716
20211231,15,748
20211231,16,940
20211231,17,942
20211231,18,1099
20211231,19,726
20211231,20,500
20211231,21,445
20211231,22,360
20211231,23,201
20220101,0,70
20220101,5,2
20220101,6,55
20220101,7,80
20220101,8,134
20220101,9,173
20220101,10,245
20220101,11,263
20220101,12,256
20220101,13,261
20220101,14,323
20220101,15,314
20220101,16,342
20220101,17,297
20220101,18,315
20220101,19,226
20220101,20,212
20220101,21,339
20220101,22,232
20220101,23,132
20220102,0,63
20220102,5,1
20220102,6,35
20220102,7,69
20220102,8,129
20220102,9,175
20220102,10,177
20220102,11,219
20220102,12,246
20220102,13,315
20220102,14,398
20220102,15,432
20220102,16,426
20220102,17,443
20220102,18,467
20220102,19,417
20220102,20,359
20220102,21,468
20220102,22,331
20220102,23,216
20220103,0,70
20220103,5,3
20220103,6,231
20220103,7,876
20220103,8,1207
20220103,9,521
20220103,10,318
20220103,11,316
20220103,12,308
20220103,13,334
20220103,14,421
20220103,15,429
20220103,16,570
20220103,17,616
20220103,18,1009
20220103,19,763
20220103,20,435
20220103,21,519
20220103,22,437
20220103,23,206
20220104,0,47
20220104,5,3
20220104,6,208
20220104,7,696
20220104,8,1123
20220104,9,508
20220104,10,362
20220104,11,305
20220104,12,336
20220104,13,456
20220104,14,480
20220104,15,441
20220104,16,624
20220104,17,677
20220104,18,1008
20220104,19,706
20220104,20,465
20220104,21,643
20220104,22,487
20220104,23,219
20220105,0,75
20220105,5,5
20220105,6,222
20220105,7,666
20220105,8,1038
20220105,9,573
20220105,10,400
20220105,11,336
20220105,12,406
20220105,13,388
20220105,14,407
20220105,15,504
20220105,16,672
20220105,17,711
20220105,18,1016
20220105,19,739
20220105,20,455
20220105,21,648
20220105,22,468
20220105,23,268
20220106,0,78
20220106,1,9
20220106,5,3
20220106,6,220
20220106,7,611
20220106,8,1124
20220106,9,565
20220106,10,423
20220106,11,383
20220106,12,364
20220106,13,431
20220106,14,516
20220106,15,513
20220106,16,696
20220106,17,693
20220106,18,1159
20220106,19,781
20220106,20,479
20220106,21,605
20220106,22,525
20220106,23,249
20220107,0,72
20220107,5,6
20220107,6,210
20220107,7,615
20220107,8,1128
20220107,9,534
20220107,10,393
20220107,11,457
20220107,12,427
20220107,13,472
20220107,14,476
20220107,15,700
20220107,16,799
20220107,17,958
20220107,18,1305
20220107,19,1009
20220107,20,672
20220107,21,580
20220107,22,443
20220107,23,261
20220108,0,104
20220108,5,7
20220108,6,102
20220108,7,184
20220108,8,312
20220108,9,375
20220108,10,381
20220108,11,448
20220108,12,454
20220108,13,447
20220108,14,448
20220108,15,467
20220108,16,451
20220108,17,478
20220108,18,371
20220108,19,303
20220108,20,232
20220108,21,409
20220108,22,379
20220108,23,220
20220109,0,74
20220109,5,2
20220109,6,35
20220109,7,81
20220109,8,160
20220109,9,186
20220109,10,286
20220109,11,274
20220109,12,321
20220109,13,335
20220109,14,368
20220109,15,453
20220109,16,437
20220109,17,462
20220109,18,439
20220109,19,342
20220109,20,364
20220109,21,465
20220109,22,330
20220109,23,195
20220110,0,67
20220110,5,2
20220110,6,253
20220110,7,783
20220110,8,1299
20220110,9,642
20220110,10,382
20220110,11,365
20220110,12,407
20220110,13,397
20220110,14,456
20220110,15,526
20220110,16,670
20220110,17,687
20220110,18,979
20220110,19,792
20220110,20,463
20220110,21,604
20220110,22,489
20220110,23,234
20220111,0,72
20220111,5,2
20220111,6,194
20220111,7,700
20220111,8,1222
20220111,9,571
20220111,10,428
20220111,11,391
20220111,12,372
20220111,13,461
20220111,14,468
20220111,15,576
20220111,16,671
20220111,17,767
20220111,18,1150
20220111,19,804
20220111,20,522
20220111,21,653
20220111,22,514
20220111,23,227
20220112,0,73
20220112,5,3
20220112,6,229
20220112,7,673
20220112,8,1179
20220112,9,566
20220112,10,410
20220112,11,387
20220112,12,402
20220112,13,448
20220112,14,508
20220112,15,514
20220112,16,686
20220112,17,743
20220112,18,1064
20220112,19,761
20220112,20,468
20220112,21,637
20220112,22,464
20220112,23,214
20220113,0,91
20220113,5,4
20220113,6,181
20220113,7,668
20220113,8,1260
20220113,9,612
20220113,10,403
20220113,11,390
20220113,12,394
20220113,13,464
20220113,14,476
20220113,15,521
20220113,16,722
20220113,17,704
20220113,18,1077
20220113,19,792
20220113,20,481
20220113,21,664
20220113,22,478
20220113,23,254
20220114,0,79
20220114,5,5
20220114,6,202
20220114,7,610
20220114,8,1157
20220114,9,540
20220114,10,362
20220114,11,430
20220114,12,463
20220114,13,463
20220114,14,525
20220114,15,736
20220114,16,797
20220114,17,986
20220114,18,1308
20220114,19,1011
20220114,20,616
20220114,21,593
20220114,22,510
20220114,23,256
20220115,0,110
20220115,5,5
20220115,6,97
20220115,7,184
20220115,8,276
20220115,9,344
20220115,10,372
20220115,11,392
20220115,12,413
20220115,13,361
20220115,14,450
20220115,15,497
20220115,16,441
20220115,17,468
20220115,18,432
20220115,19,261
20220115,20,286
20220115,21,389
20220115,22,363
20220115,23,220
20220116,0,83
20220116,5,3
20220116,6,38
20220116,7,71
20220116,8,195
20220116,9,235
20220116,10,236
20220116,11,300
20220116,12,250
20220116,13,307
20220116,14,363
20220116,15,394
20220116,16,438
20220116,17,480
20220116,18,387
20220116,19,446
20220116,20,341
20220116,21,447
20220116,22,355
20220116,23,205
20220117,0,77
20220117,5,1
20220117,6,271
20220117,7,738
20220117,8,1287
20220117,9,556
20220117,10,404
20220117,11,382
20220117,12,393
20220117,13,392
20220117,14,498
20220117,15,445
20220117,16,618
20220117,17,658
20220117,18,1050
20220117,19,713
20220117,20,535
20220117,21,592
20220117,22,478
20220117,23,228
20220118,0,75
20220118,5,3
20220118,6,219
20220118,7,625
20220118,8,1221
20220118,9,601
20220118,10,386
20220118,11,394
20220118,12,447
20220118,13,405
20220118,14,499
20220118,15,563
20220118,16,657
20220118,17,849
20220118,18,1156
20220118,19,721
20220118,20,529
20220118,21,695
20220118,22,525
20220118,23,258
20220119,0,67
20220119,5,1
20220119,6,224
20220119,7,674
20220119,8,1222
20220119,9,641
20220119,10,429
20220119,11,412
20220119,12,454
20220119,13,439
20220119,14,506
20220119,15,582
20220119,16,714
20220119,17,782
20220119,18,1132
20220119,19,813
20220119,20,503
20220119,21,721
20220119,22,456
20220119,23,257
20220120,0,65
20220120,5,3
20220120,6,220
20220120,7,698
20220120,8,1237
20220120,9,623
20220120,10,430
20220120,11,380
20220120,12,448
20220120,13,402
20220120,14,484
20220120,15,572
20220120,16,688
20220120,17,744
20220120,18,1118
20220120,19,712
20220120,20,564
20220120,21,654
20220120,22,545
20220120,23,272
20220121,0,88
20220121,5,1
20220121,6,223
20220121,7,625
20220121,8,1158
20220121,9,565
20220121,10,421
20220121,11,445
20220121,12,470
20220121,13,476
20220121,14,617
20220121,15,621
20220121,16,879
20220121,17,981
20220121,18,1309
20220121,19,938
20220121,20,602
20220121,21,602
20220121,22,501
20220121,23,281
20220122,0,110
20220122,5,4
20220122,6,95
20220122,7,181
20220122,8,295
20220122,9,347
20220122,10,420
20220122,11,425
20220122,12,456
20220122,13,392
20220122,14,409
20220122,15,484
20220122,16,476
20220122,17,417
20220122,18,421
20220122,19,278
20220122,20,289
20220122,21,406
20220122,22,400
20220122,23,222
20220124,0,77
20220124,5,3
20220124,6,292
20220124,7,754
20220124,8,1228
20220124,9,546
20220124,10,436
20220124,11,384
20220124,12,441
20220124,13,477
20220124,14,494
20220124,15,540
20220124,16,683
20220124,17,700
20220124,18,1066
20220124,19,733
20220124,20,502
20220124,21,622
20220124,22,519
20220124,23,224
20220125,0,67
20220125,1,4
20220125,5,3
20220125,6,215
20220125,7,668
20220125,8,1144
20220125,9,630
20220125,10,411
20220125,11,379
20220125,12,479
20220125,13,424
20220125,14,501
20220125,15,556
20220125,16,672
20220125,17,775
20220125,18,1124
20220125,19,802
20220125,20,497
20220125,21,687
20220125,22,545
20220125,23,259
20220126,0,88
20220126,5,2
20220126,6,202
20220126,7,677
20220126,8,1172
20220126,9,585
20220126,10,409
20220126,11,363
20220126,12,451
20220126,13,467
20220126,14,484
20220126,15,565
20220126,16,720
20220126,17,784
20220126,18,1113
20220126,19,806
20220126,20,554
20220126,21,674
20220126,22,548
20220126,23,274
20220127,0,88
20220127,5,3
20220127,6,210
20220127,7,646
20220127,8,1191
20220127,9,592
20220127,10,469
20220127,11,434
20220127,12,453
20220127,13,413
20220127,14,481
20220127,15,652
20220127,16,723
20220127,17,786
20220127,18,1068
20220127,19,808
20220127,20,523
20220127,21,603
20220127,22,559
20220127,23,258
20220213,0,85
20220213,5,3
20220213,6,37
20220213,7,66
20220213,8,179
20220213,9,209
20220213,10,252
20220213,11,246
20220213,12,266
20220213,13,316
20220213,14,311
20220213,15,394
20220213,16,424
20220213,17,342
20220213,18,381
20220213,19,358
20220213,20,420
20220213,21,395
20220213,22,316
20220213,23,176
20220214,0,60
20220214,5,4
20220214,6,276
20220214,7,726
20220214,8,1155
20220214,9,592
20220214,10,399
20220214,11,397
20220214,12,423
20220214,13,404
20220214,14,432
20220214,15,498
20220214,16,636
20220214,17,698
20220214,18,1020
20220214,19,719
20220214,20,459
20220214,21,529
20220214,22,433
20220214,23,192
20220215,0,62
20220215,1,2
20220215,5,1
20220215,6,229
20220215,7,680
20220215,8,1117
20220215,9,591
20220215,10,389
20220215,11,350
20220215,12,428
20220215,13,403
20220215,14,448
20220215,15,499
20220215,16,624
20220215,17,685
20220215,18,1119
20220215,19,668
20220215,20,447
20220215,21,579
20220215,22,410
20220215,23,225
20220216,0,88
20220216,1,6
20220216,5,2
20220216,6,204
20220216,7,629
20220216,8,1174
20220216,9,583
20220216,10,366
20220216,11,368
20220216,12,413
20220216,13,431
20220216,14,474
20220216,15,554
20220216,16,652
20220216,17,635
20220216,18,1087
20220216,19,698
20220216,20,470
20220216,21,544
20220216,22,404
20220216,23,227
20220217,0,67
20220217,5,6
20220217,6,182
20220217,7,645
20220217,8,1101
20220217,9,561
20220217,10,370
20220217,11,332
20220217,12,424
20220217,13,392
20220217,14,405
20220217,15,542
20220217,16,644
20220217,17,702
20220217,18,1034
20220217,19,658
20220217,20,521
20220217,21,573
20220217,22,455
20220217,23,255
20220218,0,75
20220218,5,6
20220218,6,178
20220218,7,592
20220218,8,1105
20220218,9,598
20220218,10,356
20220218,11,433
20220218,12,474
20220218,13,439
20220218,14,532
20220218,15,662
20220218,16,811
20220218,17,889
20220218,18,1243
20220218,19,975
20220218,20,539
20220218,21,523
20220218,22,399
20220218,23,228
20220219,0,80
20220219,1,6
20220219,5,2
20220219,6,99
20220219,7,172
20220219,8,286
20220219,9,354
20220219,10,383
20220219,11,383
20220219,12,414
20220219,13,352
20220219,14,444
20220219,15,409
20220219,16,431
20220219,17,439
20220219,18,379
20220219,19,263
20220219,20,262
20220219,21,293
20220219,22,319
20220219,23,234
20220225,0,122
20220225,5,1
20220225,6,183
20220225,7,585
20220225,8,1033
20220225,9,605
20220225,10,373
20220225,11,454
20220225,12,447
20220225,13,425
20220225,14,577
20220225,15,636
20220225,16,868
20220225,17,896
20220225,18,1233
20220225,19,951
20220225,20,589
20220225,21,466
20220225,22,438
20220225,23,311
20220226,0,129
20220226,5,1
20220226,6,109
20220226,7,184
20220226,8,304
20220226,9,346
20220226,10,360
20220226,11,389
20220226,12,375
20220226,13,378
20220226,14,421
20220226,15,406
20220226,16,402
20220226,17,396
20220226,18,406
20220226,19,303
20220226,20,256
20220226,21,280
20220226,22,320
20220226,23,240
20220227,0,73
20220227,5,1
20220227,6,38
20220227,7,93
20220227,8,193
20220227,9,194
20220227,10,237
20220227,11,263
20220227,12,247
20220227,13,304
20220227,14,360
20220227,15,386
20220227,16,383
20220227,17,422
20220227,18,366
20220227,19,315
20220227,20,326
20220227,21,325
20220227,22,335
20220227,23,206
20220228,0,63
20220228,5,1
20220228,6,186
20220228,7,663
20220228,8,1004
20220228,9,487
20220228,10,357
20220228,11,384
20220228,12,391
20220228,13,383
20220228,14,444
20220228,15,472
20220228,16,668
20220228,17,692
20220228,18,1011
20220228,19,670
20220228,20,502
20220228,21,386
20220228,22,488
20220228,23,327
20220301,0,134
20220301,5,2
20220301,6,70
20220301,7,117
20220301,8,191
20220301,9,216
20220301,10,232
20220301,11,245
20220301,12,253
20220301,13,275
20220301,14,320
20220301,15,347
20220301,16,390
20220301,17,391
20220301,18,399
20220301,19,346
20220301,20,322
20220301,21,320
20220301,22,289
20220301,23,222
20220302,0,67
20220302,5,5
20220302,6,207
20220302,7,886
20220302,8,1202
20220302,9,623
20220302,10,368
20220302,11,345
20220302,12,412
20220302,13,421
20220302,14,459
20220302,15,483
20220302,16,627
20220302,17,753
20220302,18,1144
20220302,19,725
20220302,20,483
20220302,21,439
20220302,22,467
20220302,23,276
20220303,0,91
20220303,5,8
20220303,6,197
20220303,7,757
20220303,8,1216
20220303,9,645
20220303,10,400
20220303,11,405
20220303,12,443
20220303,13,381
20220303,14,411
20220303,15,490
20220303,16,722
20220303,17,801
20220303,18,1085
20220303,19,777
20220303,20,525
20220303,21,467
20220303,22,513
20220303,23,326
20220304,0,101
20220304,5,5
20220304,6,193
20220304,7,730
20220304,8,1137
20220304,9,587
20220304,10,386
20220304,11,373
20220304,12,397
20220304,13,455
20220304,14,577
20220304,15,622
20220304,16,801
20220304,17,1066
20220304,18,1233
20220304,19,958
20220304,20,632
20220304,21,416
20220304,22,429
20220304,23,330
20220305,0,110
20220305,1,12
20220305,5,2
20220305,6,110
20220305,7,155
20220305,8,284
20220305,9,342
20220305,10,340
20220305,11,357
20220305,12,364
20220305,13,325
20220305,14,403
20220305,15,323
20220305,16,397
20220305,17,405
20220305,18,378
20220305,19,300
20220305,20,246
20220305,21,247
20220305,22,296
20220305,23,235
20220306,0,119
20220306,1,6
20220306,5,1
20220306,6,52
20220306,7,72
20220306,8,159
20220306,9,184
20220306,10,225
20220306,11,234
20220306,12,192
20220306,13,239
20220306,14,275
20220306,15,356
20220306,16,404
20220306,17,371
20220306,18,373
20220306,19,344
20220306,20,357
20220306,21,300
20220306,22,245
20220306,23,200
20220307,0,88
20220307,5,5
20220307,6,277
20220307,7,786
20220307,8,1329
20220307,9,645
20220307,10,355
20220307,11,342
20220307,12,474
20220307,13,392
20220307,14,413
20220307,15,463
20220307,16,666
20220307,17,775
20220307,18,1026
20220307,19,790
20220307,20,487
20220307,21,408
20220307,22,426
20220307,23,281
20220308,0,143
20220308,5,6
20220308,6,197
20220308,7,712
20220308,8,1261
20220308,9,657
20220308,10,387
20220308,11,312
20220308,12,403
20220308,13,376
20220308,14,417
20220308,15,568
20220308,16,697
20220308,17,1011
20220308,18,1059
20220308,19,1044
20220308,20,612
20220308,21,460
20220308,22,454
20220308,23,409
20220309,0,164
20220309,1,12
20220309,5,1
20220309,6,76
20220309,7,125
20220309,8,208
20220309,9,261
20220309,10,244
20220309,11,298
20220309,12,320
20220309,13,306
20220309,14,341
20220309,15,364
20220309,16,381
20220309,17,371
20220309,18,356
20220309,19,315
20220309,20,293
20220309,21,267
20220309,22,285
20220309,23,242
20220310,0,110
20220310,5,3
20220310,6,270
20220310,7,816
20220310,8,1184
20220310,9,704
20220310,10,346
20220310,11,361
20220310,12,369
20220310,13,407
20220310,14,387
20220310,15,495
20220310,16,636
20220310,17,757
20220310,18,1113
20220310,19,806
20220310,20,541
20220310,21,423
20220310,22,446
20220310,23,333
20220311,0,149
20220311,1,7
20220311,5,2
20220311,6,160
20220311,7,717
20220311,8,1089
20220311,9,582
20220311,10,384
20220311,11,327
20220311,12,436
20220311,13,444
20220311,14,520
20220311,15,655
20220311,16,816
20220311,17,1019
20220311,18,1225
20220311,19,1009
20220311,20,646
20220311,21,444
20220311,22,367
20220311,23,336
20220312,0,156
20220312,5,1
20220312,6,101
20220312,7,184
20220312,8,285
20220312,9,321
20220312,10,335
20220312,11,385
20220312,12,413
20220312,13,328
20220312,14,387
20220312,15,454
20220312,16,433
20220312,17,478
20220312,18,386
20220312,19,303
20220312,20,284
20220312,21,251
20220312,22,303
20220312,23,283
20220313,0,125
20220313,1,11
20220313,5,3
20220313,6,35
20220313,7,74
20220313,8,139
20220313,9,176
20220313,10,188
20220313,11,201
20220313,12,201
20220313,13,261
20220313,14,275
20220313,15,380
20220313,16,417
20220313,17,375
20220313,18,343
20220313,19,324
20220313,20,346
20220313,21,345
20220313,22,301
20220313,23,218
20220314,0,85
20220314,1,6
20220314,5,2
20220314,6,248
20220314,7,867
20220314,8,1222
20220314,9,593
20220314,10,335
20220314,11,356
20220314,12,394
20220314,13,367
20220314,14,362
20220314,15,424
20220314,16,595
20220314,17,748
20220314,18,1100
20220314,19,742
20220314,20,466
20220314,21,384
20220314,22,398
20220314,23,308
20220315,0,113
20220315,5,4
20220315,6,183
20220315,7,742
20220315,8,1276
20220315,9,617
20220315,10,443
20220315,11,342
20220315,12,403
20220315,13,404
20220315,14,403
20220315,15,464
20220315,16,599
20220315,17,804
20220315,18,1091
20220315,19,760
20220315,20,488
20220315,21,392
20220315,22,419
20220315,23,324
20220316,0,121
20220316,5,4
20220316,6,206
20220316,7,770
20220316,8,1219
20220316,9,608
20220316,10,364
20220316,11,349
20220316,12,429
20220316,13,397
20220316,14,447
20220316,15,567
20220316,16,660
20220316,17,819
20220316,18,1093
20220316,19,815
20220316,20,453
20220316,21,418
20220316,22,445
20220316,23,336
20220317,0,135
20220317,1,7
20220317,5,5
20220317,6,198
20220317,7,689
20220317,8,1160
20220317,9,624
20220317,10,365
20220317,11,303
20220317,12,379
20220317,13,373
20220317,14,386
20220317,15,454
20220317,16,688
20220317,17,777
20220317,18,1030
20220317,19,665
20220317,20,529
20220317,21,429
20220317,22,417
20220317,23,324
20220410,0,211
20220410,5,0
20220410,6,51
20220410,7,111
20220410,8,207
20220410,9,268
20220410,10,298
20220410,11,301
20220410,12,315
20220410,13,295
20220410,14,364
20220410,15,409
20220410,16,400
20220410,17,429
20220410,18,491
20220410,19,470
20220410,20,500
20220410,21,403
20220410,22,306
20220410,23,257
20220411,0,126
20220411,5,3
20220411,6,258
20220411,7,913
20220411,8,1337
20220411,9,693
20220411,10,435
20220411,11,385
20220411,12,458
20220411,13,411
20220411,14,444
20220411,15,506
20220411,16,700
20220411,17,795
20220411,18,1187
20220411,19,850
20220411,20,513
20220411,21,440
20220411,22,460
20220411,23,322
20220412,0,164
20220412,1,8
20220412,5,5
20220412,6,222
20220412,7,791
20220412,8,1344
20220412,9,706
20220412,10,453
20220412,11,362
20220412,12,434
20220412,13,456
20220412,14,453
20220412,15,572
20220412,16,782
20220412,17,768
20220412,18,1147
20220412,19,789
20220412,20,569
20220412,21,490
20220412,22,498
20220412,23,387
20220413,0,166
20220413,1,17
20220413,5,3
20220413,6,242
20220413,7,793
20220413,8,1290
20220413,9,748
20220413,10,406
20220413,11,334
20220413,12,414
20220413,13,404
20220413,14,390
20220413,15,536
20220413,16,651
20220413,17,788
20220413,18,1199
20220413,19,774
20220413,20,488
20220413,21,427
20220413,22,438
20220413,23,349
20220414,0,162
20220414,5,3
20220414,6,253
20220414,7,799
20220414,8,1347
20220414,9,705
20220414,10,431
20220414,11,357
20220414,12,429
20220414,13,403
20220414,14,431
20220414,15,578
20220414,16,685
20220414,17,928
20220414,18,1124
20220414,19,811
20220414,20,564
20220414,21,463
20220414,22,507
20220414,23,374
20220415,0,220
20220415,5,2
20220415,6,136
20220415,7,483
20220415,8,649
20220415,9,374
20220415,10,231
20220415,11,275
20220415,12,312
20220415,13,240
20220415,14,261
20220415,15,384
20220415,16,452
20220415,17,598
20220415,18,726
20220415,19,678
20220415,20,376
20220415,21,270
20220415,22,245
20220415,23,181
20220416,0,211
20220416,5,0
20220416,6,127
20220416,7,243
20220416,8,357
20220416,9,437
20220416,10,441
20220416,11,500
20220416,12,448
20220416,13,433
20220416,14,440
20220416,15,493
20220416,16,505
20220416,17,518
20220416,18,475
20220416,19,365
20220416,20,341
20220416,21,406
20220416,22,350
20220416,23,344
20220417,0,198
20220417,5,0
20220417,6,65
20220417,7,98
20220417,8,219
20220417,9,249
20220417,10,269
20220417,11,334
20220417,12,287
20220417,13,327
20220417,14,351
20220417,15,398
20220417,16,452
20220417,17,371
20220417,18,459
20220417,19,462
20220417,20,451
20220417,21,428
20220417,22,321
20220417,23,246
20220418,0,116
20220418,5,2
20220418,6,305
20220418,7,898
20220418,8,1326
20220418,9,709
20220418,10,425
20220418,11,382
20220418,12,464
20220418,13,429
20220418,14,435
20220418,15,539
20220418,16,681
20220418,17,824
20220418,18,1114
20220418,19,788
20220418,20,530
20220418,21,443
20220418,22,476
20220418,23,300
20220419,0,129
20220419,1,21
20220419,5,5
20220419,6,291
20220419,7,813
20220419,8,1273
20220419,9,738
20220419,10,452
20220419,11,369
20220419,12,459
20220419,13,419
20220419,14,486
20220419,15,540
20220419,16,677
20220419,17,907
20220419,18,1156
20220419,19,806
20220419,20,527
20220419,21,441
20220419,22,511
20220419,23,360
20220420,0,193
20220420,5,8
20220420,6,265
20220420,7,817
20220420,8,1352
20220420,9,711
20220420,10,446
20220420,11,393
20220420,12,472
20220420,13,437
20220420,14,525
20220420,15,518
20220420,16,790
20220420,17,859
20220420,18,1142
20220420,19,932
20220420,20,537
20220420,21,509
20220420,22,483
20220420,23,382
20220421,0,199
20220421,1,20
20220421,5,6
20220421,6,241
20220421,7,868
20220421,8,1338
20220421,9,703
20220421,10,499
20220421,11,473
20220421,12,488
20220421,13,482
20220421,14,456
20220421,15,617
20220421,16,877
20220421,17,920
20220421,18,1168
20220421,19,857
20220421,20,561
20220421,21,542
20220421,22,509
20220421,23,411
20220422,0,239
20220422,5,4
20220422,6,235
20220422,7,781
20220422,8,1299
20220422,9,696
20220422,10,416
20220422,11,500
20220422,12,475
20220422,13,489
20220422,14,588
20220422,15,760
20220422,16,995
20220422,17,1155
20220422,18,1303
20220422,19,1052
20220422,20,711
20220422,21,534
20220422,22,472
20220422,23,417
20220423,0,247
20220423,1,33
20220423,5,2
20220423,6,155
20220423,7,246
20220423,8,413
20220423,9,418
20220423,10,472
20220423,11,456
20220423,12,459
20220423,13,433
20220423,14,472
20220423,15,513
20220423,16,492
20220423,17,505
20220423,18,518
20220423,19,387
20220423,20,411
20220423,21,408
20220423,22,394
20220423,23,352
20220424,0,218
20220424,5,2
20220424,6,63
20220424,7,120
20220424,8,192
20220424,9,237
20220424,10,276
20220424,11,307
20220424,12,271
20220424,13,295
20220424,14,333
20220424,15,424
20220424,16,436
20220424,17,437
20220424,18,490
20220424,19,488
20220424,20,476
20220424,21,438
20220424,22,345
20220424,23,262
20220425,0,131
20220425,5,7
20220425,6,325
20220425,7,956
20220425,8,1385
20220425,9,703
20220425,10,416
20220425,11,412
20220425,12,500
20220425,13,441
20220425,14,478
20220425,15,579
20220425,16,724
20220425,17,833
20220425,18,1158
20220425,19,778
20220425,20,527
20220425,21,420
20220425,22,420
20220425,23,365
20220426,0,152
20220426,1,11
20220426,5,2
20220426,6,224
20220426,7,853
20220426,8,1225
20220426,9,670
20220426,10,409
20220426,11,416
20220426,12,451
20220426,13,442
20220426,14,444
20220426,15,564
20220426,16,807
20220426,17,843
20220426,18,1187
20220426,19,821
20220426,20,545
20220426,21,489
20220426,22,547
20220426,23,413
20220427,0,212
20220427,5,2
20220427,6,279
20220427,7,845
20220427,8,1294
20220427,9,723
20220427,10,462
20220427,11,427
20220427,12,499
20220427,13,525
20220427,14,471
20220427,15,573
20220427,16,818
20220427,17,859
20220427,18,1223
20220427,19,916
20220427,20,505
20220427,21,476
20220427,22,525
20220427,23,457
20220428,0,242
20220428,5,2
20220428,6,266
20220428,7,806
20220428,8,1387
20220428,9,809
20220428,10,496
20220428,11,410
20220428,12,482
20220428,13,536
20220428,14,480
20220428,15,655
20220428,16,874
20220428,17,883
20220428,18,1199
20220428,19,881
20220428,20,548
20220428,21,569
20220428,22,562
20220428,23,419
20220429,0,248
20220429,5,5
20220429,6,214
20220429,7,721
20220429,8,1213
20220429,9,709
20220429,10,429
20220429,11,483
20220429,12,522
20220429,13,585
20220429,14,696
20220429,15,812
20220429,16,1064
20220429,17,1080
20220429,18,1353
20220429,19,1086
20220429,20,768
20220429,21,534
20220429,22,523
20220429,23,446
20220430,0,271
20220430,5,6
20220430,6,130
20220430,7,264
20220430,8,387
20220430,9,473
20220430,10,500
20220430,11,507
20220430,12,521
20220430,13,461
20220430,14,521
20220430,15,583
20220430,16,527
20220430,17,621
20220430,18,534
20220430,19,489
20220430,20,456
20220430,21,460
20220430,22,414
20220430,23,362
20220501,0,235
20220501,5,5
20220501,6,70
20220501,7,115
20220501,8,269
20220501,9,284
20220501,10,297
20220501,11,391
20220501,12,324
20220501,13,361
20220501,14,389
20220501,15,535
20220501,16,528
20220501,17,488
20220501,18,564
20220501,19,538
20220501,20,519
20220501,21,433
20220501,22,431
20220501,23,301
20220502,0,166
20220502,5,2
20220502,6,336
20220502,7,957
20220502,8,1443
20220502,9,654
20220502,10,431
20220502,11,407
20220502,12,512
20220502,13,499
20220502,14,476
20220502,15,578
20220502,16,725
20220502,17,830
20220502,18,1108
20220502,19,890
20220502,20,544
20220502,21,517
20220502,22,489
20220502,23,426
20220503,0,214
20220503,5,8
20220503,6,263
20220503,7,912
20220503,8,1367
20220503,9,747
20220503,10,501
20220503,11,357
20220503,12,483
20220503,13,517
20220503,14,531
20220503,15,626
20220503,16,817
20220503,17,885
20220503,18,1227
20220503,19,808
20220503,20,563
20220503,21,556
20220503,22,615
20220503,23,511
20220504,0,231
20220504,5,2
20220504,6,287
20220504,7,834
20220504,8,1343
20220504,9,707
20220504,10,479
20220504,11,436
20220504,12,509
20220504,13,507
20220504,14,589
20220504,15,781
20220504,16,887
20220504,17,1081
20220504,18,1271
20220504,19,1257
20220504,20,773
20220504,21,555
20220504,22,591
20220504,23,502
20220505,0,283
20220505,1,35
20220505,5,3
20220505,6,104
20220505,7,213
20220505,8,278
20220505,9,407
20220505,10,434
20220505,11,498
20220505,12,445
20220505,13,386
20220505,14,535
20220505,15,476
20220505,16,511
20220505,17,512
20220505,18,477
20220505,19,457
20220505,20,388
20220505,21,412
20220505,22,375
20220505,23,306
20220506,0,164
20220506,5,2
20220506,6,214
20220506,7,633
20220506,8,1032
20220506,9,660
20220506,10,446
20220506,11,497
20220506,12,485
20220506,13,545
20220506,14,657
20220506,15,739
20220506,16,860
20220506,17,1059
20220506,18,1293
20220506,19,974
20220506,20,655
20220506,21,552
20220506,22,563
20220506,23,447
20220507,0,219
20220507,5,1
20220507,6,135
20220507,7,238
20220507,8,361
20220507,9,402
20220507,10,446
20220507,11,454
20220507,12,475
20220507,13,406
20220507,14,526
20220507,15,565
20220507,16,558
20220507,17,520
20220507,18,507
20220507,19,365
20220507,20,383
20220507,21,442
20220507,22,481
20220507,23,334
20220508,0,218
20220508,5,1
20220508,6,58
20220508,7,114
20220508,8,189
20220508,9,267
20220508,10,320
20220508,11,356
20220508,12,351
20220508,13,381
20220508,14,418
20220508,15,461
20220508,16,511
20220508,17,491
20220508,18,530
20220508,19,584
20220508,20,510
20220508,21,486
20220508,22,371
20220508,23,309
20220509,0,144
20220509,5,8
20220509,6,283
20220509,7,1031
20220509,8,1429
20220509,9,739
20220509,10,471
20220509,11,426
20220509,12,551
20220509,13,472
20220509,14,502
20220509,15,525
20220509,16,795
20220509,17,898
20220509,18,1207
20220509,19,915
20220509,20,567
20220509,21,526
20220509,22,516
20220509,23,388
20220510,0,186
20220510,5,9
20220510,6,268
20220510,7,899
20220510,8,1369
20220510,9,783
20220510,10,475
20220510,11,358
20220510,12,501
20220510,13,423
20220510,14,510
20220510,15,620
20220510,16,791
20220510,17,907
20220510,18,1270
20220510,19,905
20220510,20,577
20220510,21,533
20220510,22,559
20220510,23,476
20220511,0,197
20220511,1,17
20220511,5,9
20220511,6,268
20220511,7,856
20220511,8,1335
20220511,9,752
20220511,10,465
20220511,11,403
20220511,12,512
20220511,13,506
20220511,14,510
20220511,15,629
20220511,16,858
20220511,17,952
20220511,18,1267
20220511,19,950
20220511,20,547
20220511,21,497
20220511,22,563
20220511,23,435
20220512,0,228
20220512,5,6
20220512,6,285
20220512,7,853
20220512,8,1420
20220512,9,784
20220512,10,537
20220512,11,405
20220512,12,459
20220512,13,490
20220512,14,480
20220512,15,686
20220512,16,802
20220512,17,936
20220512,18,1256
20220512,19,906
20220512,20,632
20220512,21,553
20220512,22,598
20220512,23,495
20220513,0,247
20220513,5,3
20220513,6,274
20220513,7,837
20220513,8,1269
20220513,9,777
20220513,10,445
20220513,11,393
20220513,12,530
20220513,13,496
20220513,14,571
20220513,15,792
20220513,16,962
20220513,17,1186
20220513,18,1338
20220513,19,1182
20220513,20,719
20220513,21,508
20220513,22,595
20220513,23,504
20220514,0,279
20220514,5,2
20220514,6,158
20220514,7,269
20220514,8,426
20220514,9,467
20220514,10,546
20220514,11,541
20220514,12,532
20220514,13,488
20220514,14,570
20220514,15,558
20220514,16,610
20220514,17,623
20220514,18,624
20220514,19,494
20220514,20,435
20220514,21,568
20220514,22,528
20220514,23,373
20220515,0,192
20220515,1,22
20220515,5,1
20220515,6,78
20220515,7,127
20220515,8,267
20220515,9,315
20220515,10,319
20220515,11,379
20220515,12,406
20220515,13,432
20220515,14,435
20220515,15,503
20220515,16,563
20220515,17,573
20220515,18,551
20220515,19,502
20220515,20,540
20220515,21,526
20220515,22,341
20220515,23,335
20220516,0,157
20220516,5,5
20220516,6,284
20220516,7,1003
20220516,8,1392
20220516,9,747
20220516,10,490
20220516,11,437
20220516,12,442
20220516,13,503
20220516,14,451
20220516,15,574
20220516,16,750
20220516,17,855
20220516,18,1220
20220516,19,926
20220516,20,568
20220516,21,467
20220516,22,505
20220516,23,431
20220517,0,192
20220517,5,3
20220517,6,289
20220517,7,900
20220517,8,1393
20220517,9,777
20220517,10,491
20220517,11,414
20220517,12,508
20220517,13,479
20220517,14,432
20220517,15,561
20220517,16,872
20220517,17,937
20220517,18,1211
20220517,19,866
20220517,20,583
20220517,21,544
20220517,22,571
20220517,23,466
20220518,0,231
20220518,5,12
20220518,6,284
20220518,7,868
20220518,8,1377
20220518,9,825
20220518,10,481
20220518,11,466
20220518,12,491
20220518,13,529
20220518,14,541
20220518,15,642
20220518,16,837
20220518,17,861
20220518,18,1210
20220518,19,861
20220518,20,655
20220518,21,501
20220518,22,669
20220518,23,521
20220519,0,239
20220519,5,3
20220519,6,289
20220519,7,829
20220519,8,1375
20220519,9,814
20220519,10,500
20220519,11,422
20220519,12,501
20220519,13,479
20220519,14,510
20220519,15,626
20220519,16,833
20220519,17,926
20220519,18,1284
20220519,19,882
20220519,20,646
20220519,21,579
20220519,22,600
20220519,23,518
20220520,0,276
20220520,5,7
20220520,6,251
20220520,7,803
20220520,8,1297
20220520,9,843
20220520,10,487
20220520,11,531
20220520,12,569
20220520,13,521
20220520,14,622
20220520,15,878
20220520,16,1039
20220520,17,1055
20220520,18,1377
20220520,19,1247
20220520,20,761
20220520,21,565
20220520,22,557
20220520,23,494
20220521,0,281
20220521,5,4
20220521,6,188
20220521,7,233
20220521,8,433
20220521,9,465
20220521,10,538
20220521,11,560
20220521,12,565
20220521,13,502
20220521,14,588
20220521,15,604
20220521,16,604
20220521,17,642
20220521,18,579
20220521,19,478
20220521,20,429
20220521,21,447
20220521,22,488
20220521,23,453
20220522,0,248
20220522,5,3
20220522,6,53
20220522,7,141
20220522,8,239
20220522,9,293
20220522,10,351
20220522,11,410
20220522,12,393
20220522,13,352
20220522,14,494
20220522,15,577
20220522,16,577
20220522,17,538
20220522,18,551
20220522,19,478
20220522,20,503
20220522,21,516
20220522,22,398
20220522,23,356
20220523,0,168
20220523,5,9
20220523,6,359
20220523,7,1031
20220523,8,1375
20220523,9,710
20220523,10,456
20220523,11,369
20220523,12,512
20220523,13,429
20220523,14,459
20220523,15,545
20220523,16,726
20220523,17,873
20220523,18,1231
20220523,19,865
20220523,20,640
20220523,21,501
20220523,22,536
20220523,23,433
20220524,0,187
20220524,5,2
20220524,6,293
20220524,7,906
20220524,8,1296
20220524,9,785
20220524,10,455
20220524,11,417
20220524,12,441
20220524,13,495
20220524,14,468
20220524,15,574
20220524,16,783
20220524,17,878
20220524,18,1228
20220524,19,835
20220524,20,584
20220524,21,546
20220524,22,552
20220524,23,430
20220525,0,225
20220525,1,19
20220525,5,4
20220525,6,289
20220525,7,896
20220525,8,1429
20220525,9,788
20220525,10,523
20220525,11,409
20220525,12,520
20220525,13,474
20220525,14,460
20220525,15,644
20220525,16,721
20220525,17,916
20220525,18,1297
20220525,19,872
20220525,20,604
20220525,21,561
20220525,22,618
20220525,23,490
20220526,0,248
20220526,5,3
20220526,6,311
20220526,7,854
20220526,8,1433
20220526,9,763
20220526,10,521
20220526,11,468
20220526,12,506
20220526,13,503
20220526,14,499
20220526,15,631
20220526,16,795
20220526,17,959
20220526,18,1289
20220526,19,882
20220526,20,629
20220526,21,607
20220526,22,608
20220526,23,520
20220527,0,292
20220527,5,4
20220527,6,284
20220527,7,881
20220527,8,1324
20220527,9,727
20220527,10,493
20220527,11,421
20220527,12,500
20220527,13,543
20220527,14,618
20220527,15,783
20220527,16,1063
20220527,17,1093
20220527,18,1400
20220527,19,1131
20220527,20,752
20220527,21,547
20220527,22,521
20220527,23,513
20220528,0,246
20220528,1,34
20220528,5,1
20220528,6,153
20220528,7,279
20220528,8,395
20220528,9,482
20220528,10,524
20220528,11,564
20220528,12,505
20220528,13,470
20220528,14,559
20220528,15,598
20220528,16,609
20220528,17,631
20220528,18,559
20220528,19,416
20220528,20,452
20220528,21,446
20220528,22,438
20220528,23,392
20220529,0,212
20220529,5,3
20220529,6,82
20220529,7,145
20220529,8,239
20220529,9,308
20220529,10,328
20220529,11,377
20220529,12,384
20220529,13,363
20220529,14,466
20220529,15,451
20220529,16,523
20220529,17,497
20220529,18,458
20220529,19,468
20220529,20,521
20220529,21,480
20220529,22,367
20220529,23,323
20220530,0,143
20220530,5,3
20220530,6,363
20220530,7,975
20220530,8,1426
20220530,9,753
20220530,10,447
20220530,11,445
20220530,12,548
20220530,13,443
20220530,14,519
20220530,15,540
20220530,16,772
20220530,17,883
20220530,18,1205
20220530,19,850
20220530,20,567
20220530,21,462
20220530,22,530
20220530,23,404
20220602,0,169
20220602,5,2
20220602,6,366
20220602,7,909
20220602,8,1386
20220602,9,795
20220602,10,491
20220602,11,403
20220602,12,509
20220602,13,443
20220602,14,503
20220602,15,586
20220602,16,860
20220602,17,825
20220602,18,1195
20220602,19,829
20220602,20,629
20220602,21,524
20220602,22,562
20220602,23,473
20220603,0,236
20220603,5,8
20220603,6,285
20220603,7,807
20220603,8,1237
20220603,9,669
20220603,10,494
20220603,11,422
20220603,12,536
20220603,13,463
20220603,14,686
20220603,15,743
20220603,16,950
20220603,17,1163
20220603,18,1287
20220603,19,1237
20220603,20,751
20220603,21,572
20220603,22,536
20220603,23,497
20220604,0,226
20220604,5,4
20220604,6,176
20220604,7,291
20220604,8,372
20220604,9,474
20220604,10,465
20220604,11,536
20220604,12,494
20220604,13,469
20220604,14,539
20220604,15,538
20220604,16,503
20220604,17,585
20220604,18,516
20220604,19,444
20220604,20,419
20220604,21,410
20220604,22,471
20220604,23,360
